<system>
	<name>2M 0746+20</name>
	<name>2MASS J07464256+2000321</name>
	<rightascension>07 46 42.562</rightascension>
	<declination>+20 00 32.18</declination>
	<distance>12.21</distance>
	<star>
		<mass>0.12</mass>
		<radius>0.089</radius>
		<magV>17.7</magV>
		<spectraltype>L0/L1.5</spectraltype>
		<planet>
			<name>2M 0746+20 b</name>
			<name>2MASS J07464256+2000321 B</name>
			<list>Confirmed planets</list>
			<mass>30</mass>
			<radius>0.97</radius>
			<period>4640</period>
			<semimajoraxis>2.897</semimajoraxis>
			<eccentricity>0.487</eccentricity>
			<inclination>138.2</inclination>
			<discoverymethod>imaging</discoverymethod>
			<lastupdate>12/01/20</lastupdate>
			<discoveryyear>2010</discoveryyear>
		</planet>
		<name>2M 0746+20</name>
		<name>2MASS J07464256+2000321 A</name>
		<temperature>2205.0</temperature>
	</star>
	<videolink>http://youtu.be/N0QjGA_fqb4</videolink>
</system>
