<system>
	<name>2MASS J0219-3925</name>
	<rightascension>02 19 22.10</rightascension>
	<declination>-39 25 22.5</declination>
	<distance errorminus="2.6" errorplus="2.6">39.4</distance>
	<star>
		<name>2MASS J0219-3925</name>
		<name>2MASS J0219-3925 A</name>
		<name>2MASS J02192210-3925225</name>
		<name>2MASS J02192210-3925225 A</name>
		<magB>18.50</magB>
		<magR>15.23</magR>
		<magI errorminus="0.03" errorplus="0.03">13.42</magI>
		<magJ errorminus="0.026" errorplus="0.026">11.321</magJ>
		<magH errorminus="0.027" errorplus="0.027">10.855</magH>
		<magK errorminus="0.025" errorplus="0.025">10.444</magK>
		<spectraltype>M6γ</spectraltype>
		<mass errorminus="0.011" errorplus="0.011">0.108</mass>
		<temperature errorminus="76" errorplus="76">3064</temperature>
		<radius errorminus="0.013" errorplus="0.013">0.281</radius>
		<age lowerlimit="0.030" upperlimit="0.040" />
		<planet>
			<name>2MASS J0219-3925 B</name>
			<name>2MASS J02192210-3925225 B</name>
			<list>Confirmed planets</list>
			<separation errorminus="0.02" errorplus="0.02" unit="arcsec">3.96</separation>
			<separation errorminus="10" errorplus="10" unit="AU">156</separation>
			<positionangle errorminus="0.2" errorplus="0.2">173.9</positionangle>
			<magJ errorminus="0.10" errorplus="0.10">15.54</magJ>
			<magH errorminus="0.10" errorplus="0.10">14.63</magH>
			<magK errorminus="0.10" errorplus="0.10">13.82</magK>
			<spectraltype>L4γ</spectraltype>
			<mass errorminus="1.1" errorplus="1.1">13.9</mass>
			<temperature errorminus="43" errorplus="43">1683</temperature>
			<radius errorminus="0.03" errorplus="0.03">1.44</radius>
			<discoverymethod>imaging</discoverymethod>
			<discoveryyear>2015</discoveryyear>
			<description>2MASS J0219-3925 B is a low-mass L-type companion to an M-dwarf in the Tucana-Horologium association. The mass is close to the deuterium-burning limit.</description>
			<lastupdate>15/07/24</lastupdate>
		</planet>
	</star>
</system>
