<system>
	<name>7 CMa</name>
	<rightascension>06 36 41.038</rightascension>
	<declination>-19 15 21.17</declination>
	<distance errorminus="0.09" errorplus="0.09">19.75</distance>
	<star>
		<name>7 CMa</name>
		<name>7 Canis Majoris</name>
		<name>nu.02 CMa</name>
		<name>Nu-2 Canis Majoris</name>
		<name>ν2 CMa</name>
		<name>ν2 Canis Majoris</name>
		<name>HD 47205</name>
		<name>HIP 31592</name>
		<name>TYC 5956-2621-1</name>
		<name>SAO 151702</name>
		<name>HR 2429</name>
		<name>BD-19 1502</name>
		<name>CPD-19 1369</name>
		<name>Gliese 239.1</name>
		<name>GJ 9214</name>
		<name>2MASS J06364103-1915210</name>
		<mass errorminus="0.30" errorplus="0.30">1.52</mass>
		<radius errorminus="0.1" errorplus="0.1">2.3</radius>
		<magV>3.96</magV>
		<magR>3.13</magR>
		<magI>2.61</magI>
		<magB errorminus="0.014" errorplus="0.014">5.011</magB>
		<magJ errorminus="0.244" errorplus="0.244">2.173</magJ>
		<magH errorminus="0.234" errorplus="0.234">1.679</magH>
		<magK errorminus="0.252" errorplus="0.252">1.564</magK>
		<metallicity errorminus="0.10" errorplus="0.10">0.21</metallicity>
		<temperature errorminus="100" errorplus="100">4792</temperature>
		<spectraltype>K1 III</spectraltype>
		<planet>
			<name>7 CMa b</name>
			<name>7 Canis Majoris b</name>
			<name>HD 47205 b</name>
			<list>Confirmed planets</list>
			<mass errorminus="0.14" errorplus="0.14" type="msini">2.46</mass>
			<period errorminus="7.4" errorplus="7.4">796.0</period>
			<semimajoraxis errorminus="0.01" errorplus="0.01">1.93</semimajoraxis>
			<eccentricity errorminus="0.07" errorplus="0.07">0.22</eccentricity>
			<periastron errorminus="14" errorplus="14">77</periastron>
			<periastrontime errorminus="34" errorplus="34" unit="BJD">2454093</periastrontime>
			<description>This planet is orbiting the star 7 CMa and was discovered by the Pan-Pacific Planet Search (PPPS). It is the first detection from this ongoing survey.</description>
			<discoverymethod>RV</discoverymethod>
			<lastupdate>15/10/25</lastupdate>
			<discoveryyear>2011</discoveryyear>
		</planet>
	</star>
</system>
