<system>
	<name>BD20 2457</name>
	<name>BD+20 2457</name>
	<rightascension>10 16 44.8635</rightascension>
	<declination>+19 53 28.974</declination>
	<star>
		<name>BD20 2457</name>
		<name>BD+20 2457</name>
		<name>TYC 1422-790-1</name>
		<name>2MASS J10164485+1953290</name>
		<mass errorminus="1.5" errorplus="1.5">2.8</mass>
		<magB errorminus="0.08" errorplus="0.08">10.99</magB>
		<magV errorminus="0.03" errorplus="0.03">9.74</magV>
		<magJ errorminus="0.023" errorplus="0.023">7.299</magJ>
		<magH errorminus="0.021" errorplus="0.021">6.606</magH>
		<magK errorminus="0.021" errorplus="0.021">6.420</magK>
		<temperature errorminus="10" errorplus="10">4137</temperature>
		<metallicity errorminus="0.07" errorplus="0.07">-1.00</metallicity>
		<spectraltype>K2II</spectraltype>
		<planet>
			<name>BD20 2457 b</name>
			<name>BD+20 2457 b</name>
			<list>Controversial</list>
			<mass type="msini">21.42</mass>
			<period errorminus="2.01" errorplus="2.01">379.63</period>
			<semimajoraxis>1.45</semimajoraxis>
			<eccentricity errorminus="0.03" errorplus="0.03">0.15</eccentricity>
			<periastron errorminus="21.99" errorplus="21.99">207.64</periastron>
			<periastrontime errorminus="28.19" errorplus="28.19">2454677.53</periastrontime>
			<description>The star BD+20 2457 is located in the constellation Leo. Its metallicity is ten times lower compared to our Sun. The orbital parameters given in the discovery paper have been shown to be dynamically unstable on astronomically short timescales.</description>
			<discoverymethod>RV</discoverymethod>
			<lastupdate>15/11/26</lastupdate>
			<discoveryyear>2009</discoveryyear>
		</planet>
		<planet>
			<name>BD20 2457 c</name>
			<name>BD+20 2457 c</name>
			<list>Controversial</list>
			<mass type="msini">12.47</mass>
			<period errorminus="10.20" errorplus="10.20">621.99</period>
			<semimajoraxis>2.01</semimajoraxis>
			<eccentricity errorminus="0.06" errorplus="0.06">0.18</eccentricity>
			<periastron errorminus="16.54" errorplus="16.54">126.02</periastron>
			<periastrontime errorminus="27.99" errorplus="27.99">2453867.45</periastrontime>
			<description>The star BD+20 2457 is located in the constellation Leo. Its metallicity is ten times lower compared to our Sun. The orbital parameters given in the discovery paper have been shown to be dynamically unstable on astronomically short timescales.</description>
			<discoverymethod>RV</discoverymethod>
			<lastupdate>15/11/26</lastupdate>
			<discoveryyear>2009</discoveryyear>
		</planet>
	</star>
</system>
