<system>
	<name>CFBDS 1458</name>
	<name>CFBDSIR J145829+101343</name>
	<rightascension>14 58 29</rightascension>
	<declination>+10 13 43</declination>
	<distance>23.1</distance>
	<star>
		<name>CFBDS 1458</name>
		<name>CFBDSIR J145829+101343</name>
		<mass>0.02</mass>
		<spectraltype>T9.5</spectraltype>
		<planet>
			<name>CFBDS 1458 b</name>
			<name>CFBDSIR J145829+101343 b</name>
			<list>Confirmed planets</list>
			<mass>6.5</mass>
			<period>9855</period>
			<semimajoraxis>2.6</semimajoraxis>
			<discoverymethod>imaging</discoverymethod>
			<lastupdate>11/03/08</lastupdate>
			<discoveryyear>2011</discoveryyear>
			<image>CFBDS 1458</image>
			<imagedescription>This image shows the binary CFBDSIR J1458+1013AB. It was obtained with the Keck II Telescope in Hawaii. This is the coolest brown dwarf (or exoplanet, depending on the precise mass) found yet. Credit: Michael Liu (University of Hawaii).</imagedescription>
		</planet>
		<temperature>540.0</temperature>
	</star>
</system>
