<system>
	<name>CFBDSIR2149</name>
	<name>CFBDSIR J214947.2-040308.9</name>
	<name>CFBDS J214947-040308</name>
	<rightascension>21 49 47</rightascension>
	<declination>-04 03 08</declination>
	<distance>40</distance>
	<spectraltype>T7/T7.5</spectraltype>
	<planet>
		<name>CFBDSIR2149</name>
		<name>CFBDSIR J214947.2-040308.9</name>
		<name>CFBDS J214947-040308</name>
		<list>Confirmed planets</list>
		<list>Orphan planets</list>
		<mass>5.5</mass>
		<description>This planet is an orphan planet, which means it is not orbiting any star. Some people therefore argue that it should not be called a planet. The object is associated with the AB Doradus moving group which allows astronomers to determine its age and therefore its mass.</description>
		<discoverymethod>imaging</discoverymethod>
		<lastupdate>12/11/14</lastupdate>
		<discoveryyear>2012</discoveryyear>
		<image>eso1245a</image>
		<imagedescription>Artist's impression of the free-floating planet CFBDSIR J214947.2-040308.9 
		
ESO/L. Calcada/P. Delorme/Nick Risinger (skysurvey.org)/R. Saito/VVV Consortium</imagedescription>
	</planet>
	<videolink>http://youtu.be/BRswuUjt35g</videolink>
</system>
