<system>
	<name>CoRoT-19</name>
	<rightascension>06 28 08</rightascension>
	<declination>-00 10 15</declination>
	<distance>800</distance>
	<star>
		<mass>1.21</mass>
		<radius>1.65</radius>
		<magV>14.007</magV>
		<magB>14.780</magB>
		<magR errorminus="0.13" errorplus="0.13">14.17</magR>
		<magI errorminus="0.03" errorplus="0.03">13.00</magI>
		<magJ errorminus="0.024" errorplus="0.024">12.324</magJ>
		<magH errorminus="0.022" errorplus="0.022">11.961</magH>
		<magK errorminus="0.024" errorplus="0.024">11.837</magK>
		<metallicity>-0.02</metallicity>
		<spectraltype>F9V</spectraltype>
		<planet>
			<name>CoRoT-19 b</name>
			<name>2MASS J06280805-0010144 b</name>
			<list>Confirmed planets</list>
			<mass>1.11</mass>
			<radius>1.45</radius>
			<period>3.89713</period>
			<semimajoraxis>0.0518</semimajoraxis>
			<eccentricity>0.047</eccentricity>
			<inclination>87.61</inclination>
			<transittime errorminus="0.0006" errorplus="0.0006" unit="BJD">2455257.44180</transittime>
			<discoverymethod>transit</discoverymethod>
			<lastupdate>11/07/05</lastupdate>
			<discoveryyear>2011</discoveryyear>
			<temperature>1515.3</temperature>
			<istransiting>1</istransiting>
		</planet>
		<name>CoRoT-19</name>
		<temperature>6090.0</temperature>
	</star>
</system>
