<system>
	<name>CoRoT-29</name>
	<rightascension>18 35 36.50</rightascension>
	<declination>+06 28 46.99</declination>
	<distance errorminus="50" errorplus="50">765</distance>
	<star>
		<magB errorminus="0.105" errorplus="0.105">16.705</magB>
		<magV errorminus="0.069" errorplus="0.069">15.560</magV>
		<magJ errorminus="0.021" errorplus="0.021">13.565</magJ>
		<magH errorminus="0.021" errorplus="0.021">13.120</magH>
		<magK errorminus="0.031" errorplus="0.031">13.048</magK>
		<name>CoRoT-29</name>
		<name>2MASS J18353650+0628467</name>
		<mass errorminus="0.14" errorplus="0.14">0.97</mass>
		<radius errorminus="0.12" errorplus="0.12">0.90</radius>
		<temperature errorminus="100" errorplus="100">5260</temperature>
		<age errorminus="3.5" errorplus="3.5">4.5</age>
		<metallicity errorminus="0.10" errorplus="0.10">0.20</metallicity>
		<spectraltype>K0V</spectraltype>
		<planet>
			<name>CoRoT-29 b</name>
			<name>2MASS J18353650+0628467 b</name>
			<list>Confirmed planets</list>
			<mass errorminus="0.20" errorplus="0.20">0.85</mass>
			<radius errorminus="0.16" errorplus="0.16">0.90</radius>
			<period errorminus="0.000006" errorplus="0.000006">2.850570</period>
			<transittime errorminus="0.001" errorplus="0.001" unit="HJD">2455753.115</transittime>
			<semimajoraxis errorminus="0.0020" errorplus="0.0020">0.0390</semimajoraxis>
			<eccentricity errorminus="0.081" errorplus="0.081">0.082</eccentricity>
			<inclination errorminus="2.7" errorplus="2.7">87.3</inclination>
			<description>CoRoT-29 b is a Jupiter-sized planet orbiting an oblate star. The transit dircovered is significantly asymmetric, a signature that the host star could have a non-spherical shape. It was discovered by the European space mission CoRoT.</description>
			<discoverymethod>transit</discoverymethod>
			<lastupdate>15/04/07</lastupdate>
			<discoveryyear>2015</discoveryyear>
			<istransiting>1</istransiting>
		</planet>
	</star>
</system>
