<system>
	<name>CoRoT-4</name>
	<rightascension>06 48 47</rightascension>
	<declination>-00 40 22</declination>
	<star>
		<mass>1.1</mass>
		<radius>1.15</radius>
		<magV>13.7</magV>
		<magR>13.42</magR>
		<magJ errorminus="0.026" errorplus="0.026">12.619</magJ>
		<magH errorminus="0.029" errorplus="0.029">12.359</magH>
		<magK errorminus="0.03" errorplus="0.03">12.29</magK>
		<metallicity>0.05</metallicity>
		<spectraltype>F8V</spectraltype>
		<planet>
			<name>CoRoT-4 b</name>
			<name>CoRoT-Exo-4 b</name>
			<name>2MASS J06484671-0040219 b</name>
			<name>CoRoTID 102912369 b</name>
			<list>Confirmed planets</list>
			<mass>0.72</mass>
			<radius>1.19</radius>
			<period>9.20205</period>
			<semimajoraxis>0.09</semimajoraxis>
			<eccentricity>0.0</eccentricity>
			<inclination>90</inclination>
			<transittime errorminus="0.00089" errorplus="0.00089" unit="BJD">2454141.36494</transittime>
			<discoverymethod>transit</discoverymethod>
			<lastupdate>08/11/27</lastupdate>
			<discoveryyear>2008</discoveryyear>
			<temperature>975.6</temperature>
			<istransiting>1</istransiting>
		</planet>
		<name>CoRoT-4</name>
		<temperature>6190.0</temperature>
	</star>
</system>
