<system>
	<name>CoRoT-12</name>
	<rightascension>06 43 04</rightascension>
	<declination>-01 17 47</declination>
	<distance>1150</distance>
	<star>
		<mass>1.078</mass>
		<radius>1.116</radius>
		<magV errorminus="0.052" errorplus="0.052">15.515</magV>
		<magR>15.3</magR>
		<magB errorminus="0.080" errorplus="0.080">16.343</magB>
		<magJ errorminus="0.03" errorplus="0.03">14.02</magJ>
		<magH errorminus="0.003" errorplus="0.03">13.63</magH>
		<magK errorminus="0.04" errorplus="0.04">13.56</magK>
		<metallicity>0.16</metallicity>
		<spectraltype>G2V</spectraltype>
		<planet>
			<name>CoRoT-12 b</name>
			<list>Confirmed planets</list>
			<mass>0.917</mass>
			<radius>1.44</radius>
			<period>2.828042</period>
			<semimajoraxis>0.04016</semimajoraxis>
			<eccentricity>0.07</eccentricity>
			<inclination>85.48</inclination>
			<transittime errorminus="0.00036" errorplus="0.00036" unit="BJD">2454398.62785</transittime>
			<discoverymethod>transit</discoverymethod>
			<lastupdate>10/06/14</lastupdate>
			<discoveryyear>2010</discoveryyear>
			<temperature>1318.7</temperature>
			<istransiting>1</istransiting>
		</planet>
		<name>CoRoT-12</name>
		<temperature>5675.0</temperature>
	</star>
</system>
