<system>
	<name>CoRoT-14</name>
	<rightascension>06 53 42</rightascension>
	<declination>-05 32 10</declination>
	<distance>1340</distance>
	<star>
		<mass>1.13</mass>
		<radius>1.21</radius>
		<magV errorminus="0.070" errorplus="0.070">16.03</magV>
		<magB errorminus="0.156" errorplus="0.156">16.891</magB>
		<magR errorminus="0.30" errorplus="0.30">16.03</magR>
		<magI errorminus="0.04" errorplus="0.04">14.91</magI>
		<magJ errorminus="0.04" errorplus="0.04">14.32</magJ>
		<magH errorminus="0.05" errorplus="0.05">14.01</magH>
		<magK errorminus="0.05" errorplus="0.05">13.81</magK>
		<metallicity>0.05</metallicity>
		<spectraltype>F9V</spectraltype>
		<planet>
			<name>CoRoT-14 b</name>
			<name>CoRoT-Exo-14 b</name>
			<name>2MASS J06534181-0532097 b</name>
			<name>CoRoTID 110864907 b</name>
			<list>Confirmed planets</list>
			<mass>7.6</mass>
			<radius>1.09</radius>
			<period>1.51214</period>
			<semimajoraxis>0.027</semimajoraxis>
			<eccentricity>0.0</eccentricity>
			<inclination>79.6</inclination>
			<transittime errorminus="0.0053" errorplus="0.0053" unit="BJD">2454787.6702</transittime>
			<discoverymethod>transit</discoverymethod>
			<lastupdate>10/12/22</lastupdate>
			<discoveryyear>2010</discoveryyear>
			<temperature>1781.4</temperature>
			<istransiting>1</istransiting>
		</planet>
		<name>CoRoT-14</name>
		<temperature>6035.0</temperature>
	</star>
</system>
