<system>
	<name>CoRoT-21</name>
	<rightascension>06 44 12.64</rightascension>
	<declination>-00 17 57.06</declination>
	<star>
		<mass>1.29</mass>
		<radius>1.945</radius>
		<magV>15.84</magV>
		<magB errorminus="0.10" errorplus="0.10">16.66</magB>
		<magR errorminus="0.38" errorplus="0.38">15.61</magR>
		<magI errorminus="0.03" errorplus="0.03">14.99</magI>
		<magJ errorminus="0.04" errorplus="0.04">14.34</magJ>
		<magH errorminus="0.04" errorplus="0.04">13.98</magH>
		<magK errorminus="0.05" errorplus="0.05">13.81</magK>
		<spectraltype>FIV8</spectraltype>
		<planet>
			<name>CoRoT-21 b</name>
			<list>Confirmed planets</list>
			<mass>2.26</mass>
			<radius>1.3</radius>
			<period>2.72474</period>
			<semimajoraxis>0.0417</semimajoraxis>
			<eccentricity>0.0</eccentricity>
			<inclination>86.8</inclination>
			<transittime errorminus="0.0054" errorplus="0.0054" unit="HJD">2454400.3197</transittime>
			<discoverymethod>transit</discoverymethod>
			<lastupdate>11/12/13</lastupdate>
			<discoveryyear>2011</discoveryyear>
			<temperature>1867.0</temperature>
			<istransiting>1</istransiting>
		</planet>
		<name>CoRoT-21</name>
		<temperature>6200.0</temperature>
	</star>
</system>
