<system>
	<name>CoRoT-6</name>
	<rightascension>18 44 18</rightascension>
	<declination>+06 39 48</declination>
	<star>
		<mass errorminus="0.05" errorplus="0.05">1.05</mass>
		<radius errorminus="0.026" errorplus="0.026">1.025</radius>
		<magV errorminus="0.30" errorplus="0.30">13.80</magV>
		<magB errorminus="0.47" errorplus="0.47">14.68</magB>
		<magR errorminus="0.08" errorplus="0.08">14.18</magR>
		<magJ errorminus="0.024" errorplus="0.024">12.518</magJ>
		<magH errorminus="0.022" errorplus="0.022">12.228</magH>
		<magK errorminus="0.024" errorplus="0.024">12.119</magK>
		<metallicity>-0.2</metallicity>
		<spectraltype>F5V</spectraltype>
		<planet>
			<name>CoRoT-6 b</name>
			<name>CoRoT-Exo-6 b</name>
			<name>CoRoTID 106017681 b</name>
			<list>Confirmed planets</list>
			<mass errorminus="0.34" errorplus="0.34">2.96</mass>
			<radius errorminus="0.035" errorplus="0.035">1.166</radius>
			<period errorminus="0.000004" errorplus="0.000004">8.886593</period>
			<semimajoraxis errorminus="0.0015" errorplus="0.0015">0.0855</semimajoraxis>
			<eccentricity upperlimit="0.1" />
			<inclination errorminus="0.30" errorplus="0.30">89.07</inclination>
			<discoverymethod>transit</discoverymethod>
			<lastupdate>10/01/11</lastupdate>
			<discoveryyear>2009</discoveryyear>
			<temperature>929.2</temperature>
			<transittime errorminus="0.0002" errorplus="0.0002" unit="BJD">2454595.6144</transittime>
			<istransiting>1</istransiting>
		</planet>
		<name>CoRoT-6</name>
		<temperature>6090.0</temperature>
	</star>
</system>
