<system>
	<name>CoRoT-23</name>
	<rightascension>18 39 08</rightascension>
	<declination>+04 21 28</declination>
	<distance>600</distance>
	<star>
		<mass>1.14</mass>
		<radius>1.61</radius>
		<magV>15.63</magV>
		<magB>16.0</magB>
		<magR errorminus="0.25" errorplus="0.25">15.70</magR>
		<magJ errorminus="0.026" errorplus="0.026">12.944</magJ>
		<magH errorminus="0.029" errorplus="0.029">12.450</magH>
		<magK errorminus="0.03" errorplus="0.03">12.36</magK>
		<metallicity>0.05</metallicity>
		<spectraltype>G0V</spectraltype>
		<planet>
			<name>CoRoT-23 b</name>
			<name>2MASS J18390782+0421281 b</name>
			<list>Confirmed planets</list>
			<mass>2.8</mass>
			<radius>1.05</radius>
			<period>3.6314</period>
			<semimajoraxis>0.0477</semimajoraxis>
			<eccentricity>0.16</eccentricity>
			<inclination>85.7</inclination>
			<transittime errorminus="0.001" errorplus="0.001" unit="BJD">2455308.939</transittime>
			<discoverymethod>transit</discoverymethod>
			<lastupdate>11/09/20</lastupdate>
			<discoveryyear>2011</discoveryyear>
			<temperature>1508.9</temperature>
			<istransiting>1</istransiting>
		</planet>
		<name>CoRoT-23</name>
		<temperature>5900.0</temperature>
	</star>
</system>
