<system>
	<name>CoRoT-16</name>
	<rightascension>18 34 06</rightascension>
	<declination>-06 00 09</declination>
	<distance>840</distance>
	<star>
		<mass>1.098</mass>
		<radius>1.19</radius>
		<magV errorminus="0.43" errorplus="0.43">16.03</magV>
		<magB errorminus="0.48" errorplus="0.48">17.85</magB>
		<magR errorminus="0.44" errorplus="0.44">15.51</magR>
		<magI errorminus="0.04" errorplus="0.04">14.57</magI>
		<magJ errorminus="0.029" errorplus="0.029">13.496</magJ>
		<magH errorminus="0.03" errorplus="0.03">12.98</magH>
		<magK errorminus="0.04" errorplus="0.04">12.85</magK>
		<metallicity>0.19</metallicity>
		<spectraltype>G5V</spectraltype>
		<planet>
			<name>CoRoT-16 b</name>
			<name>2MASS J18340592-0600093 b</name>
			<list>Confirmed planets</list>
			<mass errorminus="0.8" errorplus="0.8">0.53</mass>
			<radius>1.17</radius>
			<period>5.35227</period>
			<semimajoraxis>0.0618</semimajoraxis>
			<eccentricity errorminus="0.1" errorplus="0.3">0.33</eccentricity>
			<inclination>85.01</inclination>
			<transittime errorminus="0.0022" errorplus="0.0021" unit="BJD">2454923.9145</transittime>
			<discoverymethod>transit</discoverymethod>
			<lastupdate>11/06/14</lastupdate>
			<discoveryyear>2010</discoveryyear>
			<temperature>1085.5</temperature>
			<istransiting>1</istransiting>
		</planet>
		<name>CoRoT-16</name>
		<temperature>5650.0</temperature>
	</star>
</system>
