<system>
	<name>CT Cha</name>
	<rightascension>11 04 09</rightascension>
	<declination>-76 27 19</declination>
	<distance errorminus="30" errorplus="30">165</distance>
	<star>
		<magV>12.36</magV>
		<magI>10.89</magI>
		<magB>13.44</magB>
		<magR>11.600</magR>
		<magJ errorminus="0.024" errorplus="0.024">9.715</magJ>
		<magH errorminus="0.047" errorplus="0.047">8.944</magH>
		<magK errorminus="0.021" errorplus="0.021">8.661</magK>
		<spectraltype>K7</spectraltype>
		<age lowerlimit="0.001" upperlimit="0.005" />
		<planet>
			<name>CT Cha B</name>
			<list>Confirmed planets</list>
			<mass lowerlimit="14" upperlimit="24" />
			<radius>2.4</radius>
			<separation errorminus="0.036" errorplus="0.036" unit="arcsec">2.670</separation>
			<separation unit="AU">440</separation>
			<positionangle errorminus="1.24" errorplus="1.24">300.71</positionangle>
			<temperature errorminus="100" errorplus="100">2500</temperature>
			<spectraltype errorminus="1" errorplus="1">M9</spectraltype>
			<description>CT Chamaeleontis is a pre-main sequence T Tauri star. The companion might be a brown dwarf due to its large mass. There is evidence for material accreting onto the object at around 6×10^-10 solar masses per year.</description>
			<discoverymethod>imaging</discoverymethod>
			<lastupdate>15/06/08</lastupdate>
			<discoveryyear>2008</discoveryyear>
			<image>CT Cha</image>
			<imagedescription>This image shows the young star CT Cha and a companion (on the right). Due to its large mass it is currently unclear if the companion is a planet or brown dwarf. Credit: Tobias Schmidt (AIU Jena).</imagedescription>
		</planet>
		<name>CT Cha</name>
		<temperature>5150.0</temperature>
	</star>
</system>
