<system>
	<name>DP Leo</name>
	<rightascension>11 17 16</rightascension>
	<declination>+17 57 41</declination>
	<distance>400</distance>
	<binary>
		<period>0.0625</period>
		<star>
			<mass>0.6</mass>
			<radius>0.0144</radius>
			<magV>17.5</magV>
			<temperature>13500</temperature>
			<spectraltype>AM Her</spectraltype>
			<name>DP Leo</name>
		</star>
		<star>
			<mass>0.09</mass>
			<temperature>3000</temperature>
			<name>DP Leo</name>
		</star>
		<planet>
			<name>DP Leo b</name>
			<list>Confirmed planets</list>
			<mass>6.05</mass>
			<period>10230</period>
			<semimajoraxis>8.19</semimajoraxis>
			<eccentricity>0.39</eccentricity>
			<transittime errorminus="0.00009" errorplus="0.00009" unit="BJD">2448773.21461</transittime>
			<description>DP Leonis is an eclipsing binary system.</description>
			<discoverymethod>timing</discoverymethod>
			<lastupdate>10/11/18</lastupdate>
			<discoveryyear>2009</discoveryyear>
			<list>Planets in binary systems, P-type</list>
			<istransiting>1</istransiting>
		</planet>
	</binary>
</system>
