<system>
	<name>EPIC 205071984</name>
	<rightascension>16 49 42.26</rightascension>
	<declination>-19 32 34.2</declination>
	<star>
		<name>EPIC 205071984</name>
		<name>2MASS J16494226-1932340</name>
		<magB errorminus="0.042" errorplus="0.042">13.278</magB>
		<magV errorminus="0.030" errorplus="0.030">12.307</magV>
		<magJ errorminus="0.024" errorplus="0.024">10.404</magJ>
		<magH errorminus="0.025" errorplus="0.025">9.993</magH>
		<magK errorminus="0.019" errorplus="0.019">9.821</magK>
		<temperature errorminus="60" errorplus="60">5315</temperature>
		<metallicity errorminus="0.04" errorplus="0.04">0.00</metallicity>
		<mass errorminus="0.04" errorplus="0.04">0.87</mass>
		<radius errorminus="0.05" errorplus="0.05">0.87</radius>
		<planet>
			<name>EPIC 205071984 b</name>
			<transittime errorminus="0.0009" errorplus="0.0009" unit="BJD">2456900.9258</transittime>
			<period errorminus="0.00020" errorplus="0.00020">8.99218</period>
			<inclination errorminus="0.90" errorplus="0.69">89.00</inclination>
			<radius errorminus="0.031" errorplus="0.031">0.480</radius>
			<semimajoraxis errorminus="0.0013" errorplus="0.0013">0.0808</semimajoraxis>
			<istransiting>1</istransiting>
			<discoverymethod>transit</discoverymethod>
			<discoveryyear>2015</discoveryyear>
			<description>EPIC 205071984 is a multi-transiting system in the K2 mission campaign 2 field.</description>
			<lastupdate>15/12/06</lastupdate>
			<list>Confirmed planets</list>
		</planet>
		<planet>
			<name>EPIC 205071984 c</name>
			<transittime errorminus="0.0101" errorplus="0.0101" unit="BJD">2456899.4306</transittime>
			<period errorminus="0.00598" errorplus="0.00598">20.65614</period>
			<inclination errorminus="2.68" errorplus="1.32">88.23</inclination>
			<radius errorminus="0.037" errorplus="0.087">0.310</radius>
			<semimajoraxis errorminus="0.0031" errorplus="0.0031">0.1873</semimajoraxis>
			<istransiting>1</istransiting>
			<discoverymethod>transit</discoverymethod>
			<discoveryyear>2015</discoveryyear>
			<description>EPIC 205071984 is a multi-transiting system in the K2 mission campaign 2 field.</description>
			<lastupdate>15/12/06</lastupdate>
			<list>Confirmed planets</list>
		</planet>
		<planet>
			<name>EPIC 205071984 d</name>
			<transittime errorminus="0.0031" errorplus="0.0031" unit="BJD">2456903.7846</transittime>
			<period errorminus="0.00236" errorplus="0.00236">31.71922</period>
			<inclination errorminus="0.65" errorplus="1.06">88.40</inclination>
			<radius errorminus="0.036" errorplus="0.036">0.335</radius>
			<semimajoraxis errorminus="0.0031" errorplus="0.0031">0.1873</semimajoraxis>
			<istransiting>1</istransiting>
			<discoverymethod>transit</discoverymethod>
			<discoveryyear>2015</discoveryyear>
			<description>EPIC 205071984 is a multi-transiting system in the K2 mission campaign 2 field.</description>
			<lastupdate>15/12/06</lastupdate>
			<list>Confirmed planets</list>
		</planet>
	</star>
</system>
