<system>
	<name>EPIC 201754305</name>
	<name>K2-16</name>
	<rightascension>11 40 23.342</rightascension>
	<declination>+04 33 26.42</declination>
	<distance errorminus="16" errorplus="16">324</distance>
	<star>
		<name>EPIC 201754305</name>
		<name>K2-16</name>
		<name>2MASS J11402333+0433264</name>
		<mass errorminus="0.03" errorplus="0.03">0.68</mass>
		<radius errorminus="0.03" errorplus="0.03">0.66</radius>
		<temperature errorminus="60" errorplus="60">4742</temperature>
		<magV errorminus="0.04" errorplus="0.04">14.67</magV>
		<magJ errorminus="0.03" errorplus="0.03">12.76</magJ>
		<magH errorminus="0.03" errorplus="0.03">12.21</magH>
		<magK errorminus="0.02" errorplus="0.02">12.09</magK>
		<metallicity errorminus="0.04" errorplus="0.04">-0.33</metallicity>
		<planet>
			<name>EPIC 201754305 c</name>
			<name>EPIC 201754305.01</name>
			<name>K2-16 c</name>
			<list>Confirmed planets</list>
			<radius errorminus="0.042" errorplus="0.100">0.227</radius>
			<period errorminus="0.00327" errorplus="0.00327">19.07863</period>
			<transittime errorminus="0.0091" errorplus="0.0091" unit="BJD">2456809.4800</transittime>
			<semimajoraxis errorminus="0.0021" errorplus="0.0021">0.1229</semimajoraxis>
			<inclination errorminus="1.68" errorplus="1.68">87.83</inclination>
			<description>This planet was discovered by the Kepler spacecraft during its extended K2 mission, Campaign 1.</description>
			<discoverymethod>transit</discoverymethod>
			<istransiting>1</istransiting>
			<lastupdate>15/12/06</lastupdate>
			<discoveryyear>2015</discoveryyear>
		</planet>
		<planet>
			<name>EPIC 201754305 b</name>
			<name>EPIC 201754305.02</name>
			<name>K2-16 b</name>
			<list>Confirmed planets</list>
			<radius errorminus="0.021" errorplus="0.021">0.180</radius>
			<period errorminus="0.00087" errorplus="0.00087">7.61880</period>
			<transittime errorminus="0.0038" errorplus="0.0038" unit="BJD">2456811.6871</transittime>
			<semimajoraxis errorminus="0.0011" errorplus="0.0011">0.0667</semimajoraxis>
			<inclination errorminus="1.86" errorplus="1.47">87.97</inclination>
			<description>This planet was discovered by the Kepler spacecraft during its extended K2 mission, Campaign 1.</description>
			<discoverymethod>transit</discoverymethod>
			<istransiting>1</istransiting>
			<lastupdate>15/12/06</lastupdate>
			<discoveryyear>2015</discoveryyear>
		</planet>
	</star>
</system>
