<system>
	<name>EPIC 201617985</name>
	<rightascension>11 57 57.998</rightascension>
	<declination>+02 19 17.31</declination>
	<distance errorminus="9" errorplus="8">111</distance>
	<star>
		<name>EPIC 201617985</name>
		<mass errorminus="0.03" errorplus="0.03">0.52</mass>
		<radius errorminus="0.03" errorplus="0.03">0.49</radius>
		<temperature errorminus="36" errorplus="31">3742</temperature>
		<magJ errorminus="0.02" errorplus="0.02">11.72</magJ>
		<magH errorminus="0.04" errorplus="0.04">11.09</magH>
		<magK errorminus="0.02" errorplus="0.02">10.9</magK>
		<metallicity errorminus="0.11" errorplus="0.1">-0.08</metallicity>
		<planet>
			<name>EPIC 201617985 b</name>
			<name>EPIC 201617985.01</name>
			<list>Controversial</list>
			<radius errorminus="0.040" errorplus="0.040">0.164</radius>
			<period errorminus="0.00078" errorplus="0.00078">7.28161</period>
			<transittime errorminus="0.0047" errorplus="0.0047" unit="BJD">2456812.6366</transittime>
			<semimajoraxis errorminus="0.0012" errorplus="0.0012">0.0586</semimajoraxis>
			<temperature errorminus="16" errorplus="16">518</temperature>
			<description>This planet was discovered by the Kepler spacecraft during its extended K2 mission, Campaign 1.</description>
			<discoverymethod>transit</discoverymethod>
			<istransiting>1</istransiting>
			<lastupdate>15/07/07</lastupdate>
			<discoveryyear>2015</discoveryyear>
		</planet>
	</star>
</system>
