<system>
	<name>EPIC 204221263</name>
	<rightascension>16 00 08.06</rightascension>
	<declination>-23 11 21.4</declination>
	<star>
		<name>EPIC 204221263</name>
		<name>TYC 6779-268-1</name>
		<name>2MASS J16000805-2311213</name>
		<magB errorminus="0.246" errorplus="0.246">12.344</magB>
		<magV errorminus="0.03" errorplus="0.03">11.39</magV>
		<magJ errorminus="0.024" errorplus="0.024">9.911</magJ>
		<magH errorminus="0.026" errorplus="0.026">9.600</magH>
		<magK errorminus="0.021" errorplus="0.021">9.470</magK>
		<temperature errorminus="60" errorplus="60">5757</temperature>
		<metallicity errorminus="0.04" errorplus="0.04">0.28</metallicity>
		<mass errorminus="0.05" errorplus="0.05">1.07</mass>
		<radius errorminus="0.09" errorplus="0.09">1.10</radius>
		<planet>
			<name>EPIC 204221263 b</name>
			<transittime errorminus="0.0054" errorplus="0.0054" unit="BJD">2456896.8786</transittime>
			<period errorminus="0.00050" errorplus="0.00050">4.01593</period>
			<inclination errorminus="3.08" errorplus="1.88">87.28</inclination>
			<radius errorminus="0.014" errorplus="0.014">0.138</radius>
			<semimajoraxis errorminus="0.0008" errorplus="0.0008">0.0506</semimajoraxis>
			<mass errorminus="0.0091" errorplus="0.0091">0.0378</mass>
			<istransiting>1</istransiting>
			<discoverymethod>transit</discoverymethod>
			<discoveryyear>2015</discoveryyear>
			<description>EPIC 204221263 is a multi-transiting system in the K2 mission campaign 2 field. Radial velocity measurements with Keck/HIRES have allowed the determination of the planetary masses. The radial velocities exhibit a linear trend indicating the presence of an additional non-transiting companion in the system.</description>
			<lastupdate>15/12/06</lastupdate>
			<list>Confirmed planets</list>
		</planet>
		<planet>
			<name>EPIC 204221263 c</name>
			<transittime errorminus="0.0033" errorplus="0.0033" unit="BJD">2456900.4752</transittime>
			<period errorminus="0.00090" errorplus="0.00090">10.56103</period>
			<inclination errorminus="1.67" errorplus="1.00">88.61</inclination>
			<radius errorminus="0.026" errorplus="0.026">0.216</radius>
			<semimajoraxis errorminus="0.0016" errorplus="0.0016">0.0964</semimajoraxis>
			<mass errorminus="0.014" errorplus="0.014">0.031</mass>
			<istransiting>1</istransiting>
			<discoverymethod>transit</discoverymethod>
			<discoveryyear>2015</discoveryyear>
			<description>EPIC 204221263 is a multi-transiting system in the K2 mission campaign 2 field. Radial velocity measurements with Keck/HIRES have allowed the determination of the planetary masses. The radial velocities exhibit a linear trend indicating the presence of an additional non-transiting companion in the system.</description>
			<lastupdate>15/12/06</lastupdate>
			<list>Confirmed planets</list>
		</planet>
	</star>
</system>
