<system>
	<name>EPIC 201629650</name>
	<name>K2-13</name>
	<rightascension>11 20 37.327</rightascension>
	<declination>+02 30 09.71</declination>
	<distance errorminus="18" errorplus="34">290</distance>
	<binary>
		<star>
			<name>EPIC 201629650</name>
			<name>K2-13</name>
			<name>2MASS J11203732+0230097</name>
			<mass errorminus="0.04" errorplus="0.04">0.8</mass>
			<radius errorminus="0.05" errorplus="0.09">0.78</radius>
			<temperature errorminus="82" errorplus="45">5698</temperature>
			<magJ errorminus="0.03" errorplus="0.03">11.57</magJ>
			<magH errorminus="0.02" errorplus="0.02">11.26</magH>
			<magK errorminus="0.03" errorplus="0.03">11.17</magK>
			<metallicity errorminus="0.14" errorplus="0.12">-0.54</metallicity>
			<planet>
				<name>EPIC 201629650 b</name>
				<name>EPIC 201629650.01</name>
				<name>K2-13 b</name>
				<list>Confirmed planets</list>
				<radius errorminus="0.087" errorplus="0.087">0.174</radius>
				<period errorminus="0.32477" errorplus="0.32477">39.91488</period>
				<transittime errorminus="0.0146" errorplus="0.0146" unit="BJD">2456812.525</transittime>
				<semimajoraxis errorminus="0.0061" errorplus="0.0061">0.2114</semimajoraxis>
				<temperature errorminus="126" errorplus="126">511</temperature>
				<description>This planet was discovered by the Kepler spacecraft during its extended K2 mission, Campaign 1.</description>
				<discoverymethod>transit</discoverymethod>
				<istransiting>1</istransiting>
				<lastupdate>15/07/07</lastupdate>
				<discoveryyear>2015</discoveryyear>
				<list>Planets in binary systems, S-type</list>
			</planet>
		</star>
		<star>
			<name>EPIC 201629650 B</name>
		</star>
		<separation errorminus="0.14" errorplus="0.14" unit="arcsec">12.3</separation>
	</binary>
</system>
