<system>
	<name>EPIC 201393098</name>
	<name>K2-7</name>
	<rightascension>11 08 22.505</rightascension>
	<declination>-01 03 56.72</declination>
	<distance errorminus="38" errorplus="75">433</distance>
	<star>
		<name>EPIC 201393098</name>
		<name>K2-7</name>
		<name>2MASS J11082249-0103565</name>
		<mass errorminus="0.06" errorplus="0.06">0.97</mass>
		<radius errorminus="0.08" errorplus="0.17">0.96</radius>
		<temperature errorminus="91" errorplus="72">5772</temperature>
		<magJ errorminus="0.02" errorplus="0.02">11.95</magJ>
		<magH errorminus="0.02" errorplus="0.02">11.63</magH>
		<magK errorminus="0.02" errorplus="0.02">11.56</magK>
		<metallicity errorminus="0.16" errorplus="0.16">-0.07</metallicity>
		<planet>
			<name>EPIC 201393098 b</name>
			<name>EPIC 201393098.01</name>
			<name>K2-7 b</name>
			<list>Confirmed planets</list>
			<radius errorminus="0.052" errorplus="0.052">0.246</radius>
			<period errorminus="0.00947" errorplus="0.00947">28.67992</period>
			<transittime errorminus="0.0149" errorplus="0.0149" unit="BJD">2456824.6155</transittime>
			<semimajoraxis errorminus="0.0043" errorplus="0.0043">0.1814</semimajoraxis>
			<temperature errorminus="61" errorplus="61">651</temperature>
			<description>This planet was discovered by the Kepler spacecraft during its extended K2 mission, Campaign 1.</description>
			<discoverymethod>transit</discoverymethod>
			<istransiting>1</istransiting>
			<lastupdate>15/07/07</lastupdate>
			<discoveryyear>2015</discoveryyear>
		</planet>
	</star>
</system>
