<system>
	<name>EPIC 201338508</name>
	<name>K2-5</name>
	<rightascension>11 17 12.84</rightascension>
	<declination>-01 52 40.71</declination>
	<distance errorminus="7" errorplus="7">181</distance>
	<star>
		<name>EPIC 201338508</name>
		<name>K2-5</name>
		<name>2MASS J11171284-0152406</name>
		<mass errorminus="0.13" errorplus="0.13">0.61</mass>
		<radius errorminus="0.12" errorplus="0.12">0.57</radius>
		<temperature errorminus="375" errorplus="375">3930</temperature>
		<magV errorminus="0.03" errorplus="0.03">14.91</magV>
		<magJ errorminus="0.03" errorplus="0.03">12.45</magJ>
		<magH errorminus="0.02" errorplus="0.02">11.76</magH>
		<magK errorminus="0.02" errorplus="0.02">11.6</magK>
		<metallicity errorminus="0.19" errorplus="0.19">-0.33</metallicity>
		<planet>
			<name>EPIC 201338508 c</name>
			<name>EPIC 201338508.01</name>
			<name>K2-5 c</name>
			<list>Confirmed planets</list>
			<radius errorminus="0.055" errorplus="0.055">0.202</radius>
			<period errorminus="0.00134" errorplus="0.00134">10.93241</period>
			<transittime errorminus="0.0052" errorplus="0.0052" unit="BJD">2456814.6010</transittime>
			<semimajoraxis errorminus="0.0059" errorplus="0.0059">0.0818</semimajoraxis>
			<inclination errorminus="2.47" errorplus="2.47">86.95</inclination>
			<description>This planet was discovered by the Kepler spacecraft during its extended K2 mission, Campaign 1.</description>
			<discoverymethod>transit</discoverymethod>
			<istransiting>1</istransiting>
			<lastupdate>15/12/06</lastupdate>
			<discoveryyear>2015</discoveryyear>
		</planet>
		<planet>
			<name>EPIC 201338508 b</name>
			<name>EPIC 201338508.02</name>
			<name>K2-5 b</name>
			<list>Confirmed planets</list>
			<radius errorminus="0.039" errorplus="0.039">0.170</radius>
			<period errorminus="0.00064" errorplus="0.00064">5.73594</period>
			<transittime errorminus="0.00064" errorplus="0.00064" unit="BJD">2456808.8600</transittime>
			<semimajoraxis errorminus="0.0038" errorplus="0.0038">0.0532</semimajoraxis>
			<inclination errorminus="3.37" errorplus="1.88">87.35</inclination>
			<description>This planet was discovered by the Kepler spacecraft during its extended K2 mission, Campaign 1.</description>
			<discoverymethod>transit</discoverymethod>
			<istransiting>1</istransiting>
			<lastupdate>15/12/06</lastupdate>
			<discoveryyear>2015</discoveryyear>
		</planet>
	</star>
</system>
