<system>
	<name>EPIC 201702477</name>
	<rightascension>11 40 57.791</rightascension>
	<declination>+03 40 53.7</declination>
	<distance errorminus="63" errorplus="87">673</distance>
	<binary>
		<star>
			<name>EPIC 201702477</name>
			<mass errorminus="0.06" errorplus="0.06">0.87</mass>
			<radius errorminus="0.08" errorplus="0.11">0.85</radius>
			<temperature errorminus="85" errorplus="86">5618</temperature>
			<magJ errorminus="0.03" errorplus="0.03">13.27</magJ>
			<magH errorminus="0.03" errorplus="0.03">12.88</magH>
			<magK errorminus="0.03" errorplus="0.03">12.77</magK>
			<metallicity errorminus="0.18" errorplus="0.17">-0.26</metallicity>
			<planet>
				<name>EPIC 201702477 b</name>
				<name>EPIC 201702477.01</name>
				<list>Controversial</list>
				<radius errorminus="0.101" errorplus="0.101">0.670</radius>
				<period errorminus="0.00266" errorplus="0.00266">40.7362</period>
				<transittime errorminus="0.0025" errorplus="0.0025" unit="BJD">2456811.5455</transittime>
				<semimajoraxis errorminus="0.0053" errorplus="0.0053">0.2205</semimajoraxis>
				<temperature errorminus="36" errorplus="36">529</temperature>
				<description>This planet was discovered by the Kepler spacecraft during its extended K2 mission, Campaign 1.</description>
				<discoverymethod>transit</discoverymethod>
				<istransiting>1</istransiting>
				<lastupdate>15/07/07</lastupdate>
				<discoveryyear>2015</discoveryyear>
				<list>Planets in binary systems, S-type</list>
			</planet>
		</star>
		<star>
			<name>EPIC 201702477 B</name>
		</star>
		<separation errorminus="0.12" errorplus="0.12" unit="arcsec">12.15</separation>
	</binary>
</system>
