<system>
	<name>EPIC 201635569</name>
	<name>K2-14</name>
	<rightascension>11 52 13.686</rightascension>
	<declination>+02 35 39.28</declination>
	<distance errorminus="8" errorplus="8">219</distance>
	<star>
		<name>EPIC 201635569</name>
		<name>K2-14</name>
		<name>2MASS J11521368+0235390</name>
		<mass errorminus="0.01" errorplus="0.01">0.47</mass>
		<radius errorminus="0.01" errorplus="0.01">0.45</radius>
		<temperature errorminus="16" errorplus="17">3789</temperature>
		<magJ errorminus="0.03" errorplus="0.03">13.42</magJ>
		<magH errorminus="0.02" errorplus="0.02">12.77</magH>
		<magK errorminus="0.03" errorplus="0.03">12.61</magK>
		<metallicity errorminus="0.04" errorplus="0.03">-0.37</metallicity>
		<planet>
			<name>EPIC 201635569 b</name>
			<name>EPIC 201635569.01</name>
			<name>K2-14 b</name>
			<list>Confirmed planets</list>
			<radius errorminus="0.039" errorplus="0.039">0.443</radius>
			<period errorminus="0.00019" errorplus="0.00019">8.36802</period>
			<transittime errorminus="0.0013" errorplus="0.0013" unit="BJD">2456811.4513</transittime>
			<semimajoraxis errorminus="0.0006" errorplus="0.0006">0.0627</semimajoraxis>
			<temperature errorminus="8" errorplus="8">488</temperature>
			<description>This planet was discovered by the Kepler spacecraft during its extended K2 mission, Campaign 1.</description>
			<discoverymethod>transit</discoverymethod>
			<istransiting>1</istransiting>
			<lastupdate>15/07/07</lastupdate>
			<discoveryyear>2015</discoveryyear>
		</planet>
	</star>
</system>
