<system>
	<name>EPIC 201912552</name>
	<name>K2-18</name>
	<rightascension>11 30 14.511</rightascension>
	<declination>+07 35 18.21</declination>
	<distance errorminus="4" errorplus="4">34</distance>
	<star>
		<name>EPIC 201912552</name>
		<name>K2-18</name>
		<name>2MASS J11301450+0735180</name>
		<mass errorminus="0.043" errorplus="0.043">0.413</mass>
		<radius errorminus="0.038" errorplus="0.038">0.394</radius>
		<temperature errorminus="60" errorplus="60">3503</temperature>
		<magJ errorminus="0.03" errorplus="0.03">9.76</magJ>
		<magH errorminus="0.03" errorplus="0.03">9.13</magH>
		<magK errorminus="0.02" errorplus="0.02">8.9</magK>
		<metallicity errorminus="0.09" errorplus="0.09">0.09</metallicity>
		<spectraltype>M2.8</spectraltype>
		<planet>
			<name>EPIC 201912552 b</name>
			<name>EPIC 201912552.01</name>
			<name>K2-18 b</name>
			<list>Confirmed planets</list>
			<radius errorminus="0.021" errorplus="0.021">0.206</radius>
			<period errorminus="0.00281" errorplus="0.00281">32.94488</period>
			<transittime errorminus="0.0027" errorplus="0.0027" unit="BJD">2456836.1849</transittime>
			<semimajoraxis errorminus="0.0055" errorplus="0.0055">0.1491</semimajoraxis>
			<temperature errorminus="15" errorplus="15">272</temperature>
			<description>This planet was discovered by the Kepler spacecraft during its extended K2 mission, Campaign 1. This planet may be an interesting target for atmospheric studies of transiting exoplanets.</description>
			<discoverymethod>transit</discoverymethod>
			<istransiting>1</istransiting>
			<lastupdate>15/07/07</lastupdate>
			<discoveryyear>2015</discoveryyear>
		</planet>
	</star>
</system>
