<system>
	<name>EPIC 206318379</name>
	<name>K2-28</name>
	<rightascension>22 22 29.85</rightascension>
	<declination>-07 57 19.3</declination>
	<distance errorminus="8" errorplus="8">53</distance>
	<star>
		<name>EPIC 206318379</name>
		<name>2MASS J22222988-0757195</name>
		<magJ errorminus="0.03" errorplus="0.03">11.70</magJ>
		<magH errorminus="0.02" errorplus="0.02">11.03</magH>
		<magK errorminus="0.02" errorplus="0.02">10.75</magK>
		<temperature errorminus="60" errorplus="60">3214</temperature>
		<metallicity errorminus="0.13" errorplus="0.13">0.31</metallicity>
		<radius errorminus="0.030" errorplus="0.030">0.293</radius>
		<mass errorminus="0.050" errorplus="0.050">0.264</mass>
		<spectraltype>M4V</spectraltype>
		<planet>
			<name>EPIC 206318379 b</name>
			<name>K2-28 b</name>
			<eccentricity>0</eccentricity>
			<inclination errorminus="0.88" errorplus="0.57">89.14</inclination>
			<radius errorminus="0.022" errorplus="0.022">0.212</radius>
			<period errorminus="0.000018" errorplus="0.000018">2.260410</period>
			<semimajoraxis errorminus="0.0014" errorplus="0.0014">0.0216</semimajoraxis>
			<transittime errorminus="0.00058" errorplus="0.00058">2457242.46140</transittime>
			<istransiting>1</istransiting>
			<discoverymethod>transit</discoverymethod>
			<discoveryyear>2015</discoveryyear>
			<description>EPIC 206318379 b is a validated super-Earth candidate in the K2 Campaign 3 field. The planet has a similar radius and insolation to GJ 1214 b.</description>
			<lastupdate>16/03/07</lastupdate>
			<list>Confirmed planets</list>
		</planet>
	</star>
</system>
