<system>
	<name>EPIC 201613023</name>
	<name>K2-12</name>
	<rightascension>11 32 46.089</rightascension>
	<declination>+02 14 41.58</declination>
	<distance errorminus="27" errorplus="78">294</distance>
	<star>
		<name>EPIC 201613023</name>
		<name>K2-12</name>
		<name>2MASS J11324609+0214415</name>
		<mass errorminus="0.06" errorplus="0.05">1.01</mass>
		<radius errorminus="0.09" errorplus="0.27">1.01</radius>
		<temperature errorminus="90" errorplus="53">5800</temperature>
		<magJ errorminus="0.02" errorplus="0.02">10.98</magJ>
		<magH errorminus="0.02" errorplus="0.02">10.71</magH>
		<magK errorminus="0.02" errorplus="0.02">10.61</magK>
		<metallicity errorminus="0.17" errorplus="0.13">0.03</metallicity>
		<planet>
			<name>EPIC 201613023 b</name>
			<name>EPIC 201613023.01</name>
			<name>K2-12 b</name>
			<list>Confirmed planets</list>
			<radius errorminus="0.053" errorplus="0.053">0.214</radius>
			<period errorminus="0.0006" errorplus="0.0006">8.28212</period>
			<transittime errorminus="0.0054" errorplus="0.0054" unit="BJD">2456815.3734</transittime>
			<semimajoraxis errorminus="0.0021" errorplus="0.0021">0.0802</semimajoraxis>
			<temperature errorminus="121" errorplus="121">1003</temperature>
			<description>This planet was discovered by the Kepler spacecraft during its extended K2 mission, Campaign 1.</description>
			<discoverymethod>transit</discoverymethod>
			<istransiting>1</istransiting>
			<lastupdate>15/07/07</lastupdate>
			<discoveryyear>2015</discoveryyear>
		</planet>
	</star>
</system>
