<system>
	<name>EPIC 201736247</name>
	<name>K2-15</name>
	<rightascension>11 52 26.591</rightascension>
	<declination>+04 15 17.09</declination>
	<distance errorminus="22" errorplus="43">437</distance>
	<star>
		<name>EPIC 201736247</name>
		<name>K2-15</name>
		<name>2MASS J11522658+0415171</name>
		<mass errorminus="0.03" errorplus="0.06">0.72</mass>
		<radius errorminus="0.03" errorplus="0.06">0.68</radius>
		<temperature errorminus="65" errorplus="69">5131</temperature>
		<magJ errorminus="0.02" errorplus="0.02">13.07</magJ>
		<magH errorminus="0.02" errorplus="0.02">12.55</magH>
		<magK errorminus="0.03" errorplus="0.03">12.49</magK>
		<metallicity errorminus="0.14" errorplus="0.2">-0.46</metallicity>
		<planet>
			<name>EPIC 201736247 b</name>
			<name>EPIC 201736247.01</name>
			<name>K2-15 b</name>
			<list>Confirmed planets</list>
			<radius errorminus="0.028" errorplus="0.028">0.228</radius>
			<period errorminus="0.00204" errorplus="0.00204">11.8104</period>
			<transittime errorminus="0.0076" errorplus="0.0076" unit="BJD">2456811.8509</transittime>
			<semimajoraxis errorminus="0.0018" errorplus="0.0018">0.091</semimajoraxis>
			<temperature errorminus="26" errorplus="26">676</temperature>
			<description>This planet was discovered by the Kepler spacecraft during its extended K2 mission, Campaign 1.</description>
			<discoverymethod>transit</discoverymethod>
			<istransiting>1</istransiting>
			<lastupdate>15/07/07</lastupdate>
			<discoveryyear>2015</discoveryyear>
		</planet>
	</star>
</system>
