<system>
	<name>EPIC 201713348</name>
	<rightascension>11 17 47.78</rightascension>
	<declination>+03 51 59.0</declination>
	<star>
		<name>EPIC 201713348</name>
		<name>TYC 266-622-1</name>
		<name>2MASS J11174778+0351590</name>
		<magB errorminus="0.378" errorplus="0.378">12.569</magB>
		<magV errorminus="0.03" errorplus="0.03">11.80</magV>
		<magJ errorminus="0.022" errorplus="0.022">10.034</magJ>
		<magH errorminus="0.021" errorplus="0.021">9.549</magH>
		<magK errorminus="0.025" errorplus="0.025">9.454</magK>
		<temperature errorminus="60" errorplus="60">4924</temperature>
		<metallicity errorminus="0.04" errorplus="0.04">-0.03</metallicity>
		<mass errorminus="0.04" errorplus="0.04">0.80</mass>
		<radius errorminus="0.04" errorplus="0.04">0.74</radius>
		<planet>
			<name>EPIC 201713348 b</name>
			<transittime errorminus="0.0017" errorplus="0.0017" unit="BJD">2456809.4684</transittime>
			<period errorminus="0.00005" errorplus="0.00005">1.42266</period>
			<inclination errorminus="2.40" errorplus="1.62">87.75</inclination>
			<radius errorminus="0.008" errorplus="0.008">0.118</radius>
			<semimajoraxis errorminus="0.0004" errorplus="0.0004">0.0230</semimajoraxis>
			<istransiting>1</istransiting>
			<discoverymethod>transit</discoverymethod>
			<discoveryyear>2015</discoveryyear>
			<description>EPIC 201713348 is a multi-transiting system in the K2 mission campaign 1 field.</description>
			<lastupdate>15/12/06</lastupdate>
			<list>Confirmed planets</list>
		</planet>
		<planet>
			<name>EPIC 201713348 c</name>
			<transittime errorminus="0.0008" errorplus="0.0008" unit="BJD">2456812.8422</transittime>
			<period errorminus="0.00010" errorplus="0.00010">5.34059</period>
			<inclination errorminus="1.63" errorplus="1.19">88.33</inclination>
			<radius errorminus="0.028" errorplus="0.038">0.250</radius>
			<semimajoraxis errorminus="0.0009" errorplus="0.0009">0.0555</semimajoraxis>
			<istransiting>1</istransiting>
			<discoverymethod>transit</discoverymethod>
			<discoveryyear>2015</discoveryyear>
			<description>EPIC 201713348 is a multi-transiting system in the K2 mission campaign 1 field.</description>
			<lastupdate>15/12/06</lastupdate>
			<list>Confirmed planets</list>
		</planet>
	</star>
</system>
