<system>
	<name>GJ 160.2</name>
	<rightascension>04 06 34.84136</rightascension>
	<declination>-20 51 11.2391</declination>
	<distance errorminus="0.8" errorplus="0.9">43.25</distance>
	<star>
		<name>GJ 160.2</name>
		<name>Gliese 160.2</name>
		<name>GJ 9144</name>
		<name>HIP 19165</name>
		<name>BD-21 784</name>
		<name>CPD-21 472</name>
		<name>LHS 1628</name>
		<name>SAO 169128</name>
		<name>TYC 5889-644-1</name>
		<name>2MASS J04063483-2051103</name>
		<magU>12.095</magU>
		<magB>10.904</magB>
		<magV>9.675</magV>
		<magR>8.93</magR>
		<magI>8.309</magI>
		<magJ errorminus="0.021" errorplus="0.021">7.439</magJ>
		<magH errorminus="0.051" errorplus="0.051">6.854</magH>
		<magK errorminus="0.017" errorplus="0.017">6.702</magK>
		<spectraltype>M0 V</spectraltype>
		<mass>0.69</mass>
		<temperature>4347</temperature>
		<planet>
			<name>GJ 160.2 b</name>
			<name>Gliese 160.2 b</name>
			<period errorminus="0.0065" errorplus="0.0027">5.2354</period>
			<eccentricity errorminus="0.06" errorplus="0.20">0.06</eccentricity>
			<periastron>350</periastron>
			<meananomaly>10</meananomaly>
			<mass errorminus="0.0186" errorplus="0.0227" type="msini">0.0321</mass>
			<semimajoraxis errorminus="0.007" errorplus="0.004">0.053</semimajoraxis>
			<discoverymethod>RV</discoverymethod>
			<discoveryyear>2014</discoveryyear>
			<description>The planet candidate orbiting GJ 160.2 was identified by Bayesian analysis of 100 UVES and 7 HARPS radial velocity measurements.</description>
			<list>Controversial</list>
			<lastupdate>15/04/21</lastupdate>
		</planet>
	</star>
</system>
