<system>
	<name>Gliese 785</name>
	<rightascension>20 15 17</rightascension>
	<declination>-27 01 58</declination>
	<distance>8.82</distance>
	<star>
		<mass>0.80</mass>
		<magV>5.73</magV>
		<magB errorminus="0.01" errorplus="0.01">6.63</magB>
		<magR errorminus="0.34" errorplus="0.34">5.98</magR>
		<magI errorminus="0.04" errorplus="0.04">8.74</magI>
		<magJ errorminus="0.294" errorplus="0.294">4.112</magJ>
		<magH errorminus="0.266" errorplus="0.266">3.582</magH>
		<magK errorminus="0.232" errorplus="0.232">3.501</magK>
		<metallicity>-0.04</metallicity>
		<spectraltype>K3V</spectraltype>
		<planet>
			<name>Gliese 785 b</name>
			<name>GJ 785 b</name>
			<name>Gj 785 b</name>
			<name>Gl 785 b</name>
			<name>HIP 99825 b</name>
			<name>TYC 6914-01943-1 b</name>
			<name>IRAS 20122-2711 b</name>
			<name>HD 192310 b</name>
			<name>HR 7722 b</name>
			<name>CD-27 14659 b</name>
			<name>CPD-27 6972 b</name>
			<name>SAO 189065 b</name>
			<name>2MASS J20151734-2701585 b</name>
			<name>LHS 488 b</name>
			<list>Confirmed planets</list>
			<mass>0.05316</mass>
			<period>74.72</period>
			<semimajoraxis>0.32</semimajoraxis>
			<eccentricity>0.13</eccentricity>
			<description>The planetary system around the star HD 192310 consists of two Neptune-mass planets and is located in the constellation of Capricornus.</description>
			<discoverymethod>RV</discoverymethod>
			<lastupdate>11/08/18</lastupdate>
			<discoveryyear>2010</discoveryyear>
			<temperature>331.7</temperature>
		</planet>
		<planet>
			<name>Gliese 785 c</name>
			<name>GJ 785 c</name>
			<name>Gj 785 c</name>
			<name>Gl 785 c</name>
			<name>HIP 99825 c</name>
			<name>TYC 6914-01943-1 c</name>
			<name>IRAS 20122-2711 c</name>
			<name>HD 192310 c</name>
			<name>HR 7722 c</name>
			<name>CD-27 14659 c</name>
			<name>CPD-27 6972 c</name>
			<name>SAO 189065 c</name>
			<name>2MASS J20151734-2701585 c</name>
			<name>LHS 488 c</name>
			<list>Confirmed planets</list>
			<mass>0.0754</mass>
			<period>525.8</period>
			<semimajoraxis>1.18</semimajoraxis>
			<eccentricity>0.32</eccentricity>
			<description>The planetary system around the star HD 192310 consists of two Neptune-mass planets and is located in the constellation of Capricornus. The outer planet Gliese 785 c is at the outer edge of the habitable zone.</description>
			<discoverymethod>RV</discoverymethod>
			<lastupdate>11/08/18</lastupdate>
			<discoveryyear>2011</discoveryyear>
			<temperature>171.8</temperature>
		</planet>
		<name>Gliese 785</name>
		<temperature>5166.0</temperature>
	</star>
</system>
