<system>
	<name>Gliese 504</name>
	<rightascension>13 16 47</rightascension>
	<declination>+09 25 27</declination>
	<distance errorminus="0.08" errorplus="0.08">17.56</distance>
	<star>
		<magB>5.81</magB>
		<magV>5.22</magV>
		<magR>4.8</magR>
		<magI>4.5</magI>
		<magJ errorminus="0.284" errorplus="0.284">4.392</magJ>
		<magH errorminus="0.208" errorplus="0.208">4.107</magH>
		<magK errorminus="0.238" errorplus="0.238">4.033</magK>
		<name>Gliese 504</name>
		<name>GJ 504</name>
		<name>HIP 64792</name>
		<name>HD 115383</name>
		<mass errorminus="0.08" errorplus="0.08">1.22</mass>
		<temperature errorminus="25" errorplus="25">6234</temperature>
		<metallicity errorminus="0.03" errorplus="0.03">0.28</metallicity>
		<spectraltype>G0V</spectraltype>
		<age errorminus="0.06" errorplus="0.35">0.16</age>
		<planet>
			<name>Gliese 504 b</name>
			<name>GJ 504 b</name>
			<name>HIP 64792 b</name>
			<name>HD 115383 b</name>
			<list>Confirmed planets</list>
			<mass errorminus="1.0" errorplus="4.5">4</mass>
			<temperature errorminus="20" errorplus="30">510</temperature>
			<separation errorminus="0.008" errorplus="0.008" unit="arcsec">2.483</separation>
			<separation unit="AU">43.5</separation>
			<spectraltype>T-Y</spectraltype>
			<magJ errorminus="0.15" errorplus="0.15">19.91</magJ>
			<magH errorminus="0.14" errorplus="0.14">20.14</magH>
			<magK errorminus="0.28" errorplus="0.28">19.19</magK>
			<positionangle errorminus="0.19" errorplus="0.19">327.45</positionangle>
			<description>Gliese 504 b is the first directly imaged planet on a wide orbit around a G-type main-sequence star with a mass similar to that of our Sun. The planet is a gas giant, about 4 times more massive than Jupiter. It was discovered by the SEEDS survey.</description>
			<discoverymethod>imaging</discoverymethod>
			<lastupdate>13/07/22</lastupdate>
			<discoveryyear>2013</discoveryyear>
			<image>Gliese504</image>
			<imagedescription>This is an actual image of the exoplanet Gliese 504 b and its host star. It was taken by the SEEDS survey. 
			
Credit: Kuzuhara et al. (2013).</imagedescription>
		</planet>
	</star>
</system>
