<system>
	<name>Gliese 3021</name>
	<rightascension>00 16 12</rightascension>
	<declination>-79 51 04</declination>
	<distance errorminus="0.16" errorplus="0.17">17.62</distance>
	<binary>
		<separation unit="arcsec">3.90</separation>
		<separation unit="AU">68.7</separation>
		<positionangle>355</positionangle>
		<star>
			<name>Gliese 3021 A</name>
			<name>HD 1237 A</name>
			<name>HIP 1291 A</name>
			<mass>0.9</mass>
			<radius>0.9</radius>
			<age>0.8</age>
			<magV>6.59</magV>
			<magB>7.335</magB>
			<magR>6.6</magR>
			<magJ>5.366</magJ>
			<magH>4.990</magH>
			<magK errorminus="0.023" errorplus="0.023">4.859</magK>
			<metallicity errorminus="0.08" errorplus="0.08">0.10</metallicity>
			<spectraltype>G6 V</spectraltype>
			<temperature errorminus="75" errorplus="75">5540</temperature>
			<planet>
				<name>Gliese 3021 A b</name>
				<name>GJ 3021 A b</name>
				<name>Gj 3021 A b</name>
				<name>Gl 3021 A b</name>
				<name>HD 1237 A b</name>
				<name>HIP 1291 A b</name>
				<name>Gliese 3021 b</name>
				<name>GJ 3021 b</name>
				<name>Gj 3021 b</name>
				<name>Gl 3021 b</name>
				<name>HD 1237 b</name>
				<name>HIP 1291 b</name>
				<list>Confirmed planets</list>
				<list>Planets in binary systems, S-type</list>
				<mass errorminus="0.09" errorplus="0.09">3.37</mass>
				<period errorminus="0.20" errorplus="0.20">133.71</period>
				<semimajoraxis>0.49</semimajoraxis>
				<eccentricity errorminus="0.017" errorplus="0.017">0.511</eccentricity>
				<description>The star Gliese 3021 is a binary star in the constellation of Hydrus.</description>
				<discoverymethod>RV</discoverymethod>
				<lastupdate>14/06/24</lastupdate>
				<discoveryyear>2000</discoveryyear>
			</planet>
		</star>
		<star>
			<name>Gliese 3021 B</name>
			<name>HD 1237 B</name>
			<name>HIP 1291 B</name>
			<mass>0.13</mass>
			<age>0.8</age>
			<spectraltype>M4V</spectraltype>
		</star>
	</binary>
</system>
