<system>
	<name>Gliese 687</name>
	<name>GJ 687</name>
	<rightascension>17 36 25.89973</rightascension>
	<declination>+68 20 20.9108</declination>
	<distance errorminus="0.115" errorplus="0.115">4.5</distance>
	<star>
		<name>Gliese 687</name>
		<name>GJ 687</name>
		<name>LHS 450</name>
		<name>BD+68 946</name>
		<name>HIP 86162</name>
		<spectraltype>M3V</spectraltype>
		<mass errorminus="0.041" errorplus="0.041">0.413</mass>
		<radius errorminus="0.0070" errorplus="0.0070">0.4183</radius>
		<temperature errorminus="28" errorplus="28">3413</temperature>
		<magV>9.15</magV>
		<magB>10.65</magB>
		<magR>8.3</magR>
		<magI>7.5</magI>
		<magJ>5.335</magJ>
		<magH>4.77</magH>
		<magK>4.548</magK>
		<planet>
			<name>Gliese 687 b</name>
			<name>GJ 687 b</name>
			<list>Confirmed planets</list>
			<mass errorminus="0.007" errorplus="0.007">0.058</mass>
			<period errorminus="0.015" errorplus="0.015">38.14</period>
			<semimajoraxis errorminus="0.000043" errorplus="0.000043">0.16353</semimajoraxis>
			<eccentricity errorminus="0.076" errorplus="0.076">0.04</eccentricity>
			<discoverymethod>RV</discoverymethod>
			<lastupdate>14/05/12</lastupdate>
			<discoveryyear>2014</discoveryyear>
		</planet>
	</star>
</system>
