<system>
	<name>Gliese 317</name>
	<rightascension>08 40 59</rightascension>
	<declination>-23 27 23</declination>
	<distance>15.1</distance>
	<star>
		<mass>0.42</mass>
		<magV>12</magV>
		<magR>10.84</magR>
		<magI>9.37</magI>
		<magB>13.2</magB>
		<magJ errorminus="0.027" errorplus="0.027">7.934</magJ>
		<magH errorminus="0.071" errorplus="0.071">7.321</magH>
		<magK errorminus="0.020" errorplus="0.020">7.028</magK>
		<metallicity>0.36</metallicity>
		<spectraltype>M3.5</spectraltype>
		<planet>
			<name>Gliese 317 b</name>
			<name>GJ 317 b</name>
			<name>Gj 317 b</name>
			<name>Gl 317 b</name>
			<list>Confirmed planets</list>
			<mass>1.8</mass>
			<period>691.78</period>
			<semimajoraxis>1.15</semimajoraxis>
			<eccentricity>0.11</eccentricity>
			<inclination>45</inclination>
			<description>The star Gliese 317 is a red dwarf in the constellation Pyxis. So far only one planet is confirmed. There might be a second planet in the system, locked in a 4:1 mean motion resonance.</description>
			<discoverymethod>RV</discoverymethod>
			<lastupdate>11/11/14</lastupdate>
			<discoveryyear>2007</discoveryyear>
		</planet>
		<planet>
			<name>Gliese 317 c</name>
			<name>GJ 317 c</name>
			<name>Gj 317 c</name>
			<name>Gl 317 c</name>
			<list>Confirmed planets</list>
			<mass>2</mass>
			<period>10000</period>
			<semimajoraxis>30</semimajoraxis>
			<eccentricity>0.81</eccentricity>
			<discoverymethod>RV</discoverymethod>
			<lastupdate>11/11/14</lastupdate>
			<discoveryyear>2007</discoveryyear>
		</planet>
		<name>Gliese 317</name>
		<temperature>3510.0</temperature>
	</star>
</system>
