<system>
	<name>Gliese 433</name>
	<rightascension>11 35 27</rightascension>
	<declination>-32 32 24</declination>
	<distance errorminus="0.15" errorplus="0.15">9.04</distance>
	<star>
		<mass>0.48</mass>
		<magV>9.79</magV>
		<magB>11.322</magB>
		<magR>8.821</magR>
		<magI>7.664</magI>
		<magJ errorminus="0.018" errorplus="0.018">6.471</magJ>
		<magH errorminus="0.036" errorplus="0.036">5.856</magH>
		<magK errorminus="0.021" errorplus="0.021">5.623</magK>
		<metallicity>-0.22</metallicity>
		<spectraltype>M1.5</spectraltype>
		<planet>
			<name>Gliese 433 b</name>
			<name>GJ 433 b</name>
			<name>Gj 433 b</name>
			<name>Gl 433 b</name>
			<list>Confirmed planets</list>
			<mass errorminus="0.006" errorplus="0.0063">0.0167</mass>
			<period errorminus="0.36" errorplus="0.34">7.3697</period>
			<semimajoraxis errorminus="0.08" errorplus="0.04">0.060</semimajoraxis>
			<eccentricity errorminus="0.05" errorplus="0.16">0.05</eccentricity>
			<description>The star Gliese 433 is a red dwarf in the constellation Hydro. The radial velocity data shows an additional signal with a period of 10 years. However, due to a strong correlation with various activity indicators of the star, it is most likely due to a magnetic cycle and not a planet. The cycle is similar to the Sun's 11 year cycle.</description>
			<discoverymethod>RV</discoverymethod>
			<lastupdate>14/03/31</lastupdate>
			<discoveryyear>2009</discoveryyear>
			<temperature>416.2</temperature>
		</planet>
		<planet>
			<name>Gliese 433 c</name>
			<name>GJ 433 c</name>
			<name>Gj 433 c</name>
			<name>Gl 433 c</name>
			<list>Controversial</list>
			<mass errorminus="0.1385" errorplus="0.1385">0.1416</mass>
			<period errorminus="1500" errorplus="1500">3400</period>
			<semimajoraxis errorminus="1.4" errorplus="1.4">3.6</semimajoraxis>
			<eccentricity errorminus="0.08" errorplus="0.16">0.08</eccentricity>
			<discoverymethod>RV</discoverymethod>
			<lastupdate>14/03/18</lastupdate>
			<discoveryyear>2012</discoveryyear>
		</planet>
		<name>Gliese 433</name>
		<temperature>3600.0</temperature>
	</star>
</system>
