<system>
	<name>HAT-P-37</name>
	<rightascension>18 57 11</rightascension>
	<declination>+51 16 09</declination>
	<distance>411</distance>
	<star>
		<mass>0.929</mass>
		<radius>0.877</radius>
		<magV errorminus="0.32" errorplus="0.32">13.23</magV>
		<magB>13.1</magB>
		<magR errorminus="0.12" errorplus="0.12">13.58</magR>
		<magJ errorminus="0.32" errorplus="0.32">13.23</magJ>
		<magH errorminus="0.03" errorplus="0.03">11.71</magH>
		<magK errorminus="0.020" errorplus="0.020">11.667</magK>
		<metallicity>0.03</metallicity>
		<spectraltype>G</spectraltype>
		<planet>
			<name>HAT-P-37 b</name>
			<name>2MASS 18571105+5116088</name>
			<list>Confirmed planets</list>
			<mass>1.169</mass>
			<radius>1.178</radius>
			<period>2.797436</period>
			<semimajoraxis>0.0378</semimajoraxis>
			<eccentricity>0.058</eccentricity>
			<inclination>86.9</inclination>
			<description>HAT-P-37 b is a transiting planet that has been discovered by the HATNet collaboration. HATNet is a ground-based survey using standard telephoto lenses such as the Canon 11cm diameter f/1.8L.</description>
			<discoverymethod>transit</discoverymethod>
			<lastupdate>12/01/04</lastupdate>
			<discoveryyear>2012</discoveryyear>
			<temperature>1166.3</temperature>
			<transittime errorminus="0.00029" errorplus="0.00029" unit="BJD">2455642.14318</transittime>
			<istransiting>1</istransiting>
		</planet>
		<name>HAT-P-37</name>
		<temperature>5500.0</temperature>
	</star>
</system>
