<system>
	<name>HAT-P-28</name>
	<rightascension>00 52 00</rightascension>
	<declination>+34 43 42</declination>
	<distance>395</distance>
	<star>
		<mass>1.025</mass>
		<radius>1.103</radius>
		<magV>13.03</magV>
		<magB>13.4</magB>
		<magR errorminus="0.13" errorplus="0.13">13.24</magR>
		<magJ errorminus="0.020" errorplus="0.020">11.561</magJ>
		<magH errorminus="0.023" errorplus="0.023">11.206</magH>
		<magK errorminus="0.018" errorplus="0.018">11.104</magK>
		<metallicity>0.12</metallicity>
		<spectraltype>G3</spectraltype>
		<planet>
			<name>HAT-P-28 b</name>
			<name>2MASS J00520018+3443422 b</name>
			<list>Confirmed planets</list>
			<mass>0.626</mass>
			<radius>1.212</radius>
			<period>3.257215</period>
			<semimajoraxis>0.0434</semimajoraxis>
			<eccentricity>0.051</eccentricity>
			<inclination>88</inclination>
			<discoverymethod>transit</discoverymethod>
			<lastupdate>11/03/09</lastupdate>
			<discoveryyear>2011</discoveryyear>
			<temperature>1262.4</temperature>
			<transittime errorminus="0.00053" errorplus="0.00053" unit="BJD">2455417.59832</transittime>
			<istransiting>1</istransiting>
		</planet>
		<name>HAT-P-28</name>
		<temperature>5680.0</temperature>
	</star>
</system>
