<system>
	<name>HAT-P-18</name>
	<rightascension>17 05 24</rightascension>
	<declination>+33 00 45</declination>
	<distance errorminus="9" errorplus="9">166</distance>
	<star>
		<mass errorminus="0.027" errorplus="0.027">0.770</mass>
		<radius errorminus="0.026" errorplus="0.026">0.717</radius>
		<magV>12.76</magV>
		<magB>11.9</magB>
		<magR errorminus="0.07" errorplus="0.07">12.61</magR>
		<magJ errorminus="0.020" errorplus="0.020">10.822</magJ>
		<magH errorminus="0.019" errorplus="0.019">10.340</magH>
		<magK errorminus="0.017" errorplus="0.017">10.234</magK>
		<metallicity errorminus="8" errorplus="8">0.1</metallicity>
		<spectraltype>K</spectraltype>
		<planet>
			<name>HAT-P-18 b</name>
			<name>2MASS J17052315+3300450 b</name>
			<list>Confirmed planets</list>
			<mass errorminus="0.008" errorplus="0.008">0.196</mass>
			<radius errorminus="0.044" errorplus="0.044">0.947</radius>
			<period errorminus="0.000043" errorplus="0.000043">5.507978</period>
			<semimajoraxis errorminus="0.0007" errorplus="0.0007">0.0559</semimajoraxis>
			<eccentricity errorminus="0.009" errorplus="0.03">0.009</eccentricity>
			<inclination errorminus="0.25" errorplus="0.25">88.79</inclination>
			<discoverymethod>transit</discoverymethod>
			<lastupdate>14/03/31</lastupdate>
			<discoveryyear>2010</discoveryyear>
			<temperature errorminus="15" errorplus="15">841</temperature>
			<transittime errorminus="0.2174" errorplus="0.2174" unit="BJD">2454715.02174</transittime>
			<istransiting>1</istransiting>
		</planet>
		<name>HAT-P-18</name>
		<temperature errorminus="50" errorplus="50">4870</temperature>
	</star>
</system>
