<system>
	<name>HAT-P-22</name>
	<rightascension>10 22 44</rightascension>
	<declination>+50 07 42</declination>
	<distance>82</distance>
	<star>
		<mass>0.916</mass>
		<radius>1.04</radius>
		<magV errorminus="0.02" errorplus="0.02">9.76</magV>
		<magB errorminus="0.04" errorplus="0.04">10.62</magB>
		<magR errorminus="0.03" errorplus="0.03">9.44</magR>
		<magJ errorminus="0.023" errorplus="0.023">8.293</magJ>
		<magH errorminus="0.029" errorplus="0.029">7.935</magH>
		<magK errorminus="0.021" errorplus="0.021">7.837</magK>
		<metallicity>0.24</metallicity>
		<spectraltype>G5</spectraltype>
		<planet>
			<name>HAT-P-22 b</name>
			<name>HD 233731 b</name>
			<name>TYC 3441-00925-1 b</name>
			<name>2MASS J10224361+5007420 b</name>
			<name>BD+50 1735 b</name>
			<list>Confirmed planets</list>
			<mass>2.147</mass>
			<radius>1.08</radius>
			<period>3.21222</period>
			<semimajoraxis>0.0414</semimajoraxis>
			<eccentricity>0.016</eccentricity>
			<inclination>86.9</inclination>
			<discoverymethod>transit</discoverymethod>
			<lastupdate>13/05/29</lastupdate>
			<discoveryyear>2010</discoveryyear>
			<temperature>1171.7</temperature>
			<transittime errorminus="0.00025" errorplus="0.00025" unit="BJD">2454930.22001</transittime>
			<istransiting>1</istransiting>
		</planet>
		<name>HAT-P-22</name>
		<temperature>5302.0</temperature>
	</star>
</system>
