<system>
	<name>HAT-P-35</name>
	<rightascension>08 13 00</rightascension>
	<declination>+04 47 13</declination>
	<distance>535</distance>
	<star>
		<mass>1.236</mass>
		<radius>1.435</radius>
		<magV errorminus="0.19" errorplus="0.19">11.59</magV>
		<magB errorminus="0.45" errorplus="0.45">12.84</magB>
		<magR errorminus="0.09" errorplus="0.09">12.38</magR>
		<magJ errorminus="0.024" errorplus="0.024">11.358</magJ>
		<magH errorminus="0.023" errorplus="0.023">11.072</magH>
		<magK errorminus="0.021" errorplus="0.021">11.030</magK>
		<metallicity>0.11</metallicity>
		<spectraltype>F</spectraltype>
		<planet>
			<name>HAT-P-35 b</name>
			<name>2MASS 08130018+0447132</name>
			<list>Confirmed planets</list>
			<mass>1.054</mass>
			<radius>1.332</radius>
			<period>3.6467</period>
			<semimajoraxis>0.0498</semimajoraxis>
			<eccentricity>0.025</eccentricity>
			<inclination>87.3</inclination>
			<description>HAT-P-35 b is a transiting planet that has been discovered by the HATNet collaboration. HATNet is a ground-based survey using standard telephoto lenses such as the Canon 11cm diameter f/1.8L.</description>
			<discoverymethod>transit</discoverymethod>
			<lastupdate>12/01/04</lastupdate>
			<discoveryyear>2012</discoveryyear>
			<temperature>1442.8</temperature>
			<transittime errorminus="0.00050" errorplus="0.00050" unit="BJD">2455578.66081</transittime>
			<istransiting>1</istransiting>
		</planet>
		<name>HAT-P-35</name>
		<temperature>6096.0</temperature>
	</star>
</system>
