<system>
	<name>HAT-P-19</name>
	<rightascension>00 38 04.012</rightascension>
	<declination>+34 42 41.56</declination>
	<distance errorminus="15" errorplus="15">215</distance>
	<star>
		<name>HAT-P-19</name>
		<name>GSC 02283-00589</name>
		<name>2MASS J00380401+3442416</name>
		<mass errorminus="0.042" errorplus="0.042">0.842</mass>
		<radius errorminus="0.048" errorplus="0.048">0.82</radius>
		<magV>12.901</magV>
		<magB>12.4</magB>
		<magR errorminus="0.07" errorplus="0.07">12.82</magR>
		<magJ errorminus="0.020" errorplus="0.020">11.095</magJ>
		<magH errorminus="0.022" errorplus="0.022">10.644</magH>
		<magK errorminus="0.019" errorplus="0.019">10.546</magK>
		<metallicity errorminus="0.08" errorplus="0.08">0.23</metallicity>
		<spectraltype>K</spectraltype>
		<temperature errorminus="130" errorplus="130">4990</temperature>
		<age errorminus="1.3" errorplus="1.8">5.5</age>
		<planet>
			<name>HAT-P-19 b</name>
			<name>2MASS J00380401+3442416 b</name>
			<list>Confirmed planets</list>
			<mass errorminus="0.018" errorplus="0.018">0.292</mass>
			<radius errorminus="0.066" errorplus="0.066">1.109</radius>
			<period errorminus="0.0000015" errorplus="0.0000015">4.0087844</period>
			<semimajoraxis errorminus="0.0008" errorplus="0.0008">0.0466</semimajoraxis>
			<eccentricity errorminus="0.042" errorplus="0.042">0.067</eccentricity>
			<inclination errorminus="0.32" errorplus="0.32">88.89</inclination>
			<periastron errorminus="77" errorplus="77">256</periastron>
			<discoverymethod>transit</discoverymethod>
			<lastupdate>15/08/15</lastupdate>
			<discoveryyear>2010</discoveryyear>
			<temperature errorminus="42" errorplus="42">1010</temperature>
			<transittime errorminus="0.00011" errorplus="0.00011" unit="BJD">2455937.38839</transittime>
			<description>HAT-P-19 b is an inflated Saturn-mass planet in a short-period orbit around a K-dwarf star. The star has a rotation period of 35.5 days and varies by 4.7 millimagnitudes in the V-band as it rotates.</description>
			<istransiting>1</istransiting>
		</planet>
	</star>
</system>
