<system>
	<name>HAT-P-17</name>
	<rightascension>21 38 09</rightascension>
	<declination>+30 29 19</declination>
	<distance>90</distance>
	<star>
		<mass>0.857</mass>
		<radius>0.837</radius>
		<magV errorminus="0.03" errorplus="0.03">10.38</magV>
		<magB errorminus="0.06" errorplus="0.06">11.33</magB>
		<magR errorminus="0.03" errorplus="0.03">10.24</magR>
		<magJ errorminus="0.022" errorplus="0.022">9.017</magJ>
		<magH errorminus="0.029" errorplus="0.029">8.619</magH>
		<magK errorminus="0.025" errorplus="0.025">8.544</magK>
		<spectraltype>K</spectraltype>
		<planet>
			<name>HAT-P-17 b</name>
			<name>TYC 2717-00417-1 b</name>
			<name>2MASS J21380873+3029193 b</name>
			<list>Confirmed planets</list>
			<mass>0.534</mass>
			<radius>1.01</radius>
			<period>10.338523</period>
			<semimajoraxis>0.0882</semimajoraxis>
			<eccentricity>0.346</eccentricity>
			<inclination>89.2</inclination>
			<discoverymethod>transit</discoverymethod>
			<lastupdate>12/04/03</lastupdate>
			<discoveryyear>2010</discoveryyear>
			<temperature>707.1</temperature>
			<transittime errorminus="0.00020" errorplus="0.00020" unit="BJD">2454801.16943</transittime>
			<istransiting>1</istransiting>
		</planet>
		<planet>
			<name>HAT-P-17 c</name>
			<name>TYC 2717-00417-1 c</name>
			<name>2MASS J21380873+3029193 c</name>
			<list>Confirmed planets</list>
			<mass>1.4</mass>
			<period>1798</period>
			<semimajoraxis>2.75</semimajoraxis>
			<eccentricity>0.1</eccentricity>
			<transittime errorminus="0.00020" errorplus="0.00020" unit="BJD">2454801.16943</transittime>
			<discoverymethod>RV</discoverymethod>
			<lastupdate>10/12/10</lastupdate>
			<discoveryyear>2010</discoveryyear>
			<temperature>127.5</temperature>
			<istransiting>1</istransiting>
		</planet>
		<name>HAT-P-17</name>
		<temperature>5246.0</temperature>
	</star>
</system>
