<system>
	<name>HAT-P-11</name>
	<rightascension>19 50 50</rightascension>
	<declination>+48 04 51</declination>
	<distance>38</distance>
	<star>
		<name>HAT-P-11</name>
		<name>Kepler-3</name>
		<name>KOI-3</name>
		<name>KIC 10748390</name>
		<mass>0.81</mass>
		<radius>0.75</radius>
		<magV errorminus="0.02" errorplus="0.02">9.47</magV>
		<magR>8.8</magR>
		<magI>8.2</magI>
		<magB errorminus="0.05" errorplus="0.05">10.66</magB>
		<magJ errorminus="0.029" errorplus="0.029">7.608</magJ>
		<magH errorminus="0.021" errorplus="0.021">7.131</magH>
		<magK errorminus="0.020" errorplus="0.020">7.009</magK>
		<metallicity>0.31</metallicity>
		<spectraltype>K4</spectraltype>
		<planet>
			<name>HAT-P-11 b</name>
			<name>HIP 97657 b</name>
			<name>TYC 3561-02092-1 b</name>
			<name>BD+47 2936 b</name>
			<name>2MASS J19505021+4804508 b</name>
			<name>Kepler-3 b</name>
			<name>KIC 10748390 b</name>
			<name>KOI-3.01</name>
			<name>KOI-3 b</name>
			<list>Confirmed planets</list>
			<mass>0.081</mass>
			<radius>0.452</radius>
			<period>4.887804</period>
			<semimajoraxis>0.053</semimajoraxis>
			<eccentricity>0.198</eccentricity>
			<inclination>88.5</inclination>
			<description>The star HAT-P-11b is located in the constellation Cygnus. The planetary companion HAT-P-11b is in the field of view of the Kepler spacecraft. The expected temperature is 878K. The planets orbit is highly inclined.</description>
			<discoverymethod>transit</discoverymethod>
			<lastupdate>13/05/29</lastupdate>
			<discoveryyear>2009</discoveryyear>
			<temperature>790.9</temperature>
			<transittime errorminus="0.00032" errorplus="0.00032" unit="BJD">2454605.89132</transittime>
			<istransiting>1</istransiting>
		</planet>
		<temperature>4780.0</temperature>
	</star>
</system>
