<system>
	<name>HAT-P-39</name>
	<rightascension>07 35 02</rightascension>
	<declination>+17 49 48</declination>
	<distance>642</distance>
	<star>
		<mass>1.404</mass>
		<radius>1.625</radius>
		<magV>12.422</magV>
		<magJ errorminus="0.020" errorplus="0.020">11.424</magJ>
		<magH errorminus="0.022" errorplus="0.022">11.184</magH>
		<magK errorminus="0.020" errorplus="0.020">11.157</magK>
		<spectraltype>F</spectraltype>
		<metallicity>0.19</metallicity>
		<planet>
			<name>HAT-P-39 b</name>
			<name>2MASS 07350197+1749482</name>
			<list>Confirmed planets</list>
			<mass>0.599</mass>
			<radius>1.571</radius>
			<period>3.54387</period>
			<semimajoraxis>0.0509</semimajoraxis>
			<eccentricity>0</eccentricity>
			<inclination>87.0</inclination>
			<description>HAT-P-39 b is a highly inflated hot Jupiter. It has been discovered by the HATNet collaboration. These planets might be inflated because some of the stellar irradiation is somehow transported into the planetary interior. Excess energy could also be injected into the interior by tides if the planet was initially on an eccentric orbit.</description>
			<discoverymethod>transit</discoverymethod>
			<lastupdate>12/07/16</lastupdate>
			<discoveryyear>2012</discoveryyear>
			<temperature>1601.9</temperature>
			<transittime errorminus="0.00041" errorplus="0.00041" unit="BJD">2455208.75049</transittime>
			<istransiting>1</istransiting>
		</planet>
		<name>HAT-P-39</name>
		<temperature>6430.0</temperature>
	</star>
</system>
