<system>
	<name>HAT-P-36</name>
	<rightascension>12 33 03.909</rightascension>
	<declination>+44 54 55.18</declination>
	<distance>317</distance>
	<star>
		<mass>1.022</mass>
		<radius>1.096</radius>
		<magV>12.262</magV>
		<magB errorminus="0.25" errorplus="0.25">12.97</magB>
		<magR errorminus="0.05" errorplus="0.05">12.27</magR>
		<magJ errorminus="0.16" errorplus="0.16">12.15</magJ>
		<magH errorminus="0.03" errorplus="0.03">10.72</magH>
		<magK errorminus="0.021" errorplus="0.021">10.603</magK>
		<metallicity>0.26</metallicity>
		<spectraltype>G</spectraltype>
		<planet>
			<name>HAT-P-36 b</name>
			<name>2MASS 12330390+4454552</name>
			<list>Confirmed planets</list>
			<mass>1.832</mass>
			<radius>1.264</radius>
			<period>1.327</period>
			<semimajoraxis>0.0238</semimajoraxis>
			<eccentricity>0.063</eccentricity>
			<inclination>86.0</inclination>
			<description>HAT-P-36 b is a transiting planet that has been discovered by the HATNet collaboration. HATNet is a ground-based survey using standard telephoto lenses such as the Canon 11cm diameter f/1.8L.</description>
			<discoverymethod>transit</discoverymethod>
			<lastupdate>13/05/29</lastupdate>
			<discoveryyear>2012</discoveryyear>
			<temperature>1669.2</temperature>
			<transittime errorminus="0.00020" errorplus="0.00020" unit="BJD">2455565.18144</transittime>
			<istransiting>1</istransiting>
		</planet>
		<name>HAT-P-36</name>
		<temperature>5580.0</temperature>
	</star>
</system>
