<system>
	<name>HAT-P-43</name>
	<rightascension>08 35 42</rightascension>
	<declination>+10 12 24</declination>
	<distance>543</distance>
	<star>
		<name>HAT-P-43</name>
		<name>2MASS 08354217+1012239</name>
		<mass>1.048</mass>
		<radius>1.104</radius>
		<magV errorminus="0.03" errorplus="0.03">13.36</magV>
		<magB errorminus="0.06" errorplus="0.06">14.12</magB>
		<magR errorminus="0.05" errorplus="0.05">13.17</magR>
		<magJ errorminus="0.021" errorplus="0.021">12.146</magJ>
		<magH errorminus="0.029" errorplus="0.029">11.809</magH>
		<magK errorminus="0.023" errorplus="0.023">11.764</magK>
		<age>5.7</age>
		<metallicity>0.23</metallicity>
		<spectraltype>F</spectraltype>
		<temperature>5645</temperature>
		<planet>
			<name>HAT-P-43 b</name>
			<name>2MASS 08354217+1012239 b</name>
			<list>Confirmed planets</list>
			<mass>0.660</mass>
			<radius>1.283</radius>
			<period>3.332688</period>
			<semimajoraxis>0.0443</semimajoraxis>
			<eccentricity>0</eccentricity>
			<inclination>88.7</inclination>
			<temperature>1361</temperature>
			<transittime errorminus="0.00033" errorplus="0.00033" unit="BJD">24559997.37105</transittime>
			<description>HAT-P-43 b is a typical Hot Jupiter on a circular orbit around a late F-type main sequence star. The planet is inflated compared to our own Jupiter. It was discovered by the HATNet collaboration.</description>
			<discoverymethod>transit</discoverymethod>
			<lastupdate>13/01/02</lastupdate>
			<discoveryyear>2013</discoveryyear>
			<istransiting>1</istransiting>
		</planet>
	</star>
</system>
