<system>
	<name>HAT-P-5</name>
	<rightascension>18 17 37</rightascension>
	<declination>+36 37 18</declination>
	<distance>340</distance>
	<star>
		<spectraltype>G</spectraltype>
		<mass>1.163</mass>
		<radius>1.137</radius>
		<magV errorminus="0.16" errorplus="0.16">11.95</magV>
		<magR>12.0</magR>
		<magB errorminus="0.30" errorplus="0.30">12.92</magB>
		<magJ errorminus="0.021" errorplus="0.021">10.844</magJ>
		<magH errorminus="0.021" errorplus="0.021">10.522</magH>
		<magK errorminus="0.018" errorplus="0.018">10.481</magK>
		<metallicity>0.24</metallicity>
		<planet>
			<name>HAT-P-5 b</name>
			<name>2MASS J18173731+3637170 b</name>
			<name>TYC 2634-01087-1 b</name>
			<list>Confirmed planets</list>
			<mass>1.06</mass>
			<radius>1.252</radius>
			<period>2.788491</period>
			<semimajoraxis>0.04079</semimajoraxis>
			<eccentricity>0.0</eccentricity>
			<inclination>86.75</inclination>
			<transittime errorminus="0.00022" errorplus="0.00022" unit="BJD">2454241.77663</transittime>
			<discoverymethod>transit</discoverymethod>
			<lastupdate>12/05/22</lastupdate>
			<discoveryyear>2007</discoveryyear>
			<temperature>1387.4</temperature>
			<istransiting>1</istransiting>
		</planet>
		<name>HAT-P-5</name>
		<temperature>5960.0</temperature>
	</star>
</system>
