<system>
	<name>HAT-P-15</name>
	<rightascension>04 24 59.534</rightascension>
	<declination>+39 27 38.31</declination>
	<distance>190</distance>
	<star>
		<mass>1.013</mass>
		<radius>1.08</radius>
		<magV errorminus="0.024" errorplus="0.024">12.41</magV>
		<magB errorminus="0.34" errorplus="0.34">13.02</magB>
		<magR errorminus="0.03" errorplus="0.03">11.81</magR>
		<magJ errorminus="0.023" errorplus="0.023">10.194</magJ>
		<magH errorminus="0.029" errorplus="0.029">9.752</magH>
		<magK errorminus="0.019" errorplus="0.019">9.641</magK>
		<metallicity>0.22</metallicity>
		<spectraltype>G5</spectraltype>
		<planet>
			<name>HAT-P-15 b</name>
			<name>2MASS J04245952+3927382 b</name>
			<list>Confirmed planets</list>
			<mass>1.946</mass>
			<radius>1.072</radius>
			<period>10.863502</period>
			<semimajoraxis>0.0964</semimajoraxis>
			<eccentricity>0.19</eccentricity>
			<inclination>89.1</inclination>
			<discoverymethod>transit</discoverymethod>
			<lastupdate>10/05/31</lastupdate>
			<discoveryyear>2010</discoveryyear>
			<temperature>819.9</temperature>
			<transittime errorminus="0.00048" errorplus="0.00048" unit="BJD">2454638.56019</transittime>
			<istransiting>1</istransiting>
		</planet>
		<name>HAT-P-15</name>
		<temperature>5568.0</temperature>
	</star>
</system>
