<system>
	<name>HAT-P-16</name>
	<rightascension>00 38 18</rightascension>
	<declination>+42 27 47</declination>
	<distance>235</distance>
	<binary>
		<name>HAT-P-16</name>
		<separation errorminus="0.0015" errorplus="0.0015" unit="arcsec">0.6916</separation>
		<separation errorminus="6.9" errorplus="6.9" unit="AU">162.5</separation>
		<positionangle errorminus="0.12" errorplus="0.12">153.83</positionangle>
		<star>
			<name>HAT-P-16 A</name>
			<mass errorminus="0.055" errorplus="0.055">1.216</mass>
			<radius errorminus="0.025" errorplus="0.025">1.158</radius>
			<temperature errorminus="72" errorplus="72">6140</temperature>
			<magV errorminus="0.06" errorplus="0.06">10.91</magV>
			<magB errorminus="0.06" errorplus="0.06">11.38</magB>
			<magJ errorminus="0.022" errorplus="0.022">9.850</magJ>
			<magH errorminus="0.022" errorplus="0.022">9.623</magH>
			<magK errorminus="0.020" errorplus="0.020">9.553</magK>
			<metallicity errorminus="0.08" errorplus="0.08">0.12</metallicity>
			<spectraltype>F8</spectraltype>
			<planet>
				<name>HAT-P-16 b</name>
				<name>HAT-P-16 A b</name>
				<list>Confirmed planets</list>
				<mass errorminus="0.128" errorplus="0.128">4.193</mass>
				<radius errorminus="0.037" errorplus="0.037">1.190</radius>
				<period errorminus="0.0000015" errorplus="0.0000015">2.7759712</period>
				<semimajoraxis errorminus="0.00062" errorplus="0.00062">0.04130</semimajoraxis>
				<eccentricity errorminus="0.004" errorplus="0.004">0.036</eccentricity>
				<inclination errorminus="0.59" errorplus="0.59">87.74</inclination>
				<discoverymethod>transit</discoverymethod>
				<lastupdate>14/11/05</lastupdate>
				<discoveryyear>2010</discoveryyear>
				<temperature errorminus="22" errorplus="22">1567</temperature>
				<transittime errorminus="0.00040" errorplus="0.00040" unit="BJD">2455027.59821</transittime>
				<istransiting>1</istransiting>
				<list>Planets in binary systems, S-type</list>
			</planet>
		</star>
		<star>
			<name>HAT-P-16 B</name>
			<magJ errorminus="0.039" errorplus="0.039">15.271</magJ>
			<magH errorminus="0.047" errorplus="0.047">14.770</magH>
			<magK errorminus="0.021" errorplus="0.021">15.083</magK>
			<temperature errorminus="51" errorplus="51">3269</temperature>
			<mass errorminus="0.023" errorplus="0.023">0.188</mass>
		</star>
	</binary>
</system>
