<system>
	<name>HAT-P-9</name>
	<rightascension>07 20 40</rightascension>
	<declination>+37 08 26</declination>
	<distance>480</distance>
	<star>
		<name>HAT-P-9</name>
		<name>TYC 2463-281-1</name>
		<name>GSC 02463-00281</name>
		<name>2MASS J07204044+3708263</name>
		<name>SDSS J072040.44+370826.3</name>
		<name>UCAC2 44825174</name>
		<mass>1.28</mass>
		<radius>1.32</radius>
		<metallicity>0.12</metallicity>
		<spectraltype>F</spectraltype>
		<magB errorminus="0.23" errorplus="0.23">12.35</magB>
		<magV errorminus="0.27" errorplus="0.27">12.34</magV>
		<magR>12.08</magR>
		<magJ errorminus="0.022" errorplus="0.022">11.274</magJ>
		<magH errorminus="0.03" errorplus="0.03">11.04</magH>
		<magK errorminus="0.021" errorplus="0.021">11.015</magK>
		<planet>
			<name>HAT-P-9 b</name>
			<name>2MASS J07204044+3708263 b</name>
			<name>TYC 2463-00281-1 b</name>
			<list>Confirmed planets</list>
			<mass>0.67</mass>
			<radius>1.4</radius>
			<period>3.922814</period>
			<semimajoraxis>0.053</semimajoraxis>
			<eccentricity>0.0</eccentricity>
			<inclination>86.5</inclination>
			<discoverymethod>transit</discoverymethod>
			<lastupdate>11/05/20</lastupdate>
			<discoveryyear>2008</discoveryyear>
			<temperature>1397.3</temperature>
			<transittime errorminus="0.0003" errorplus="0.0003" unit="BJD">2454417.9085</transittime>
			<istransiting>1</istransiting>
		</planet>
		<temperature>6350.0</temperature>
	</star>
</system>
