<system>
	<name>HATS-2</name>
	<rightascension>11 46 57.370</rightascension>
	<declination>-22 21 46.82</declination>
	<distance>360</distance>
	<star>
		<name>HATS-2</name>
		<name>GSC 665-00236</name>
		<temperature>5227</temperature>
		<mass>0.88</mass>
		<radius>0.89</radius>
		<magV errorminus="0.06" errorplus="0.06">13.62</magV>
		<magB errorminus="0.05" errorplus="0.05">14.53</magB>
		<magR errorminus="0.08" errorplus="0.08">13.40</magR>
		<magJ errorminus="0.024" errorplus="0.024">11.906</magJ>
		<magH errorminus="0.023" errorplus="0.023">11.475</magH>
		<magK errorminus="0.023" errorplus="0.023">11.386</magK>
		<metallicity>0.15</metallicity>
		<age>9.7</age>
		<spectraltype>K</spectraltype>
		<planet>
			<name>HATS-2 b</name>
			<name>GSC 665-00236 b</name>
			<list>Confirmed planets</list>
			<mass>1.345</mass>
			<radius>1.168</radius>
			<period>1.354133</period>
			<semimajoraxis>0.0230</semimajoraxis>
			<eccentricity>0.0</eccentricity>
			<inclination>87.2</inclination>
			<transittime errorminus="0.00009" errorplus="0.00009" unit="BJD">2455954.58576</transittime>
			<description>HATS-2 b is the second planet discovered by HATSouth, a global network of autonomous wide-field telescopes. The transit light curves contain several anomalies, probably caused by starspots on the photosphere of the host star. The planet is on a 1.3 day orbit and only about 5 stellar radii away from the star.</description>
			<discoverymethod>transit</discoverymethod>
			<lastupdate>13/04/08</lastupdate>
			<discoveryyear>2013</discoveryyear>
			<temperature>1577</temperature>
			<istransiting>1</istransiting>
		</planet>
	</star>
</system>
