<system>
	<name>HATS-16</name>
	<rightascension>23 54 14.04</rightascension>
	<declination>-30 00 46.8</declination>
	<distance errorminus="74" errorplus="74">774</distance>
	<star>
		<name>HATS-16</name>
		<name>2MASS J23541409-3000467</name>
		<name>GSC 07516-00867</name>
		<magB errorminus="0.060" errorplus="0.060">14.477</magB>
		<magV errorminus="0.020" errorplus="0.020">13.834</magV>
		<magJ errorminus="0.024" errorplus="0.024">12.652</magJ>
		<magH errorminus="0.025" errorplus="0.025">12.335</magH>
		<magK errorminus="0.021" errorplus="0.021">12.280</magK>
		<mass errorminus="0.035" errorplus="0.035">0.970</mass>
		<radius errorminus="0.127" errorplus="0.097">1.238</radius>
		<temperature errorminus="79" errorplus="79">5738</temperature>
		<metallicity errorminus="0.050" errorplus="0.050">0.100</metallicity>
		<age errorminus="1.8" errorplus="1.8">9.5</age>
		<spectraltype>G3V</spectraltype>
		<planet>
			<name>HATS-16 b</name>
			<period errorminus="0.000011" errorplus="0.000011">2.686502</period>
			<transittime errorminus="0.00076" errorplus="0.00076" unit="BJD">2456824.79069</transittime>
			<inclination errorminus="0.86" errorplus="1.37">83.53</inclination>
			<eccentricity upperlimit="0.000" />
			<mass errorminus="0.19" errorplus="0.19">3.27</mass>
			<radius errorminus="0.15" errorplus="0.15">1.30</radius>
			<semimajoraxis errorminus="0.00045" errorplus="0.00045">0.03744</semimajoraxis>
			<istransiting>1</istransiting>
			<discoverymethod>transit</discoverymethod>
			<discoveryyear>2015</discoveryyear>
			<description>HATS-16b is a massive planet transiting a G3V star.</description>
			<lastupdate>15/11/26</lastupdate>
			<list>Confirmed planets</list>
		</planet>
	</star>
</system>
