<system>
	<name>HATS-15</name>
	<rightascension>20 44 22.20</rightascension>
	<declination>-19 26 15.0</declination>
	<distance errorminus="23" errorplus="23">689</distance>
	<star>
		<name>HATS-15</name>
		<name>2MASS J20442207-1926150</name>
		<magB errorminus="0.030" errorplus="0.030">15.797</magB>
		<magV errorminus="0.010" errorplus="0.010">14.774</magV>
		<magJ errorminus="0.027" errorplus="0.027">13.261</magJ>
		<magH errorminus="0.024" errorplus="0.024">12.806</magH>
		<magK errorminus="0.032" errorplus="0.032">12.724</magK>
		<mass errorminus="0.023" errorplus="0.023">0.871</mass>
		<radius errorminus="0.027" errorplus="0.027">0.922</radius>
		<temperature errorminus="77" errorplus="77">5311</temperature>
		<metallicity errorminus="0.050" errorplus="0.050">0.000</metallicity>
		<age errorminus="2.0" errorplus="1.4">11.0</age>
		<spectraltype>G9V</spectraltype>
		<planet>
			<name>HATS-15 b</name>
			<period errorminus="0.00000094" errorplus="0.00000094">1.74748753</period>
			<transittime errorminus="0.00015" errorplus="0.00015" unit="BJD">2456387.21161</transittime>
			<inclination errorminus="0.67" errorplus="0.97">87.13</inclination>
			<eccentricity upperlimit="0.126" />
			<mass errorminus="0.15" errorplus="0.15">2.17</mass>
			<radius errorminus="0.040" errorplus="0.040">1.105</radius>
			<semimajoraxis errorminus="0.00023" errorplus="0.00023">0.02712</semimajoraxis>
			<istransiting>1</istransiting>
			<discoverymethod>transit</discoverymethod>
			<discoveryyear>2015</discoveryyear>
			<description>HATS-15b is a massive planet transiting a G9V star.</description>
			<lastupdate>15/11/26</lastupdate>
			<list>Confirmed planets</list>
		</planet>
	</star>
</system>
