<system>
	<name>HD 152079</name>
	<rightascension>16 53 30</rightascension>
	<declination>-46 19 51</declination>
	<distance>85.17</distance>
	<star>
		<mass>1.023</mass>
		<magV>9.18</magV>
		<magB errorminus="0.03" errorplus="0.03">9.91</magB>
		<magJ errorminus="0.021" errorplus="0.021">7.984</magJ>
		<magH errorminus="0.031" errorplus="0.031">7.656</magH>
		<magK errorminus="0.021" errorplus="0.021">7.634</magK>
		<metallicity>0.16</metallicity>
		<spectraltype>G6V</spectraltype>
		<planet>
			<name>HD 152079 b</name>
			<list>Confirmed planets</list>
			<mass>3</mass>
			<period>2097</period>
			<semimajoraxis>3.2</semimajoraxis>
			<eccentricity>0.6</eccentricity>
			<discoverymethod>RV</discoverymethod>
			<lastupdate>10/01/26</lastupdate>
			<discoveryyear>2010</discoveryyear>
			<temperature>149.6</temperature>
		</planet>
		<name>HD 152079</name>
		<temperature>5940.0</temperature>
	</star>
</system>
