<system>
	<name>HD 141399</name>
	<rightascension>15 46 53</rightascension>
	<declination>+46 59 11</declination>
	<distance>36.17</distance>
	<star>
		<name>HD 141399</name>
		<magV>7.2</magV>
		<magB>7.93</magB>
		<magJ errorminus="0.021" errorplus="0.021">5.890</magJ>
		<magH errorminus="0.017" errorplus="0.017">5.598</magH>
		<magK errorminus="0.018" errorplus="0.018">5.499</magK>
		<radius errorminus="0.15" errorplus="0.15">1.46</radius>
		<mass errorminus="0.08" errorplus="0.08">1.14</mass>
		<spectraltype>K</spectraltype>
		<metallicity errorminus="0.16" errorplus="0.16">0.18</metallicity>
		<planet>
			<name>HD 141399 b</name>
			<list>Confirmed planets</list>
			<discoverymethod>RV</discoverymethod>
			<lastupdate>14/04/29</lastupdate>
			<period errorminus="0.059" errorplus="0.059">94.35</period>
			<eccentricity errorminus="0.03" errorplus="0.03">0.04</eccentricity>
			<discoveryyear>2014</discoveryyear>
			<periastron errorminus="55.088" errorplus="55.088">191.37</periastron>
			<semimajoraxis errorminus="0.00018" errorplus="0.00018">0.4225</semimajoraxis>
			<mass errorminus="0.025" errorplus="0.025">0.46</mass>
			<description>A four planet system. Found with the radial velocity datasets from Keck-HIRES and from Lick Observatory's new Automated Planet Finder Telescope and Levy Spectrometer on Mt. Hamilton</description>
		</planet>
		<planet>
			<name>HD 141399 c</name>
			<list>Confirmed planets</list>
			<discoverymethod>RV</discoverymethod>
			<lastupdate>14/04/29</lastupdate>
			<period errorminus="0.099" errorplus="0.099">202.08</period>
			<eccentricity errorminus="0.013" errorplus="0.013">0.05</eccentricity>
			<discoveryyear>2014</discoveryyear>
			<periastron errorminus="14.457" errorplus="14.457">214.74</periastron>
			<semimajoraxis errorminus="0.00023" errorplus="0.00023">0.7023</semimajoraxis>
			<mass errorminus="0.067" errorplus="0.067">1.36</mass>
			<description>A four planet system. Found with the radial velocity datasets from Keck-HIRES and from Lick Observatory's new Automated Planet Finder Telescope and Levy Spectrometer on Mt. Hamilton.</description>
		</planet>
		<planet>
			<name>HD 141399 d</name>
			<list>Confirmed planets</list>
			<discoverymethod>RV</discoverymethod>
			<lastupdate>14/04/29</lastupdate>
			<period errorminus="8.178" errorplus="8.178">1070.35</period>
			<eccentricity errorminus="0.029" errorplus="0.029">0.06</eccentricity>
			<discoveryyear>2014</discoveryyear>
			<periastron errorminus="38.966" errorplus="38.966">249.16</periastron>
			<semimajoraxis errorminus="0.01086" errorplus="0.01086">2.1348</semimajoraxis>
			<mass errorminus="0.067" errorplus="0.067">1.22</mass>
			<description>A four planet system. Found with the radial velocity datasets from Keck-HIRES and from Lick Observatory's new Automated Planet Finder Telescope and Levy Spectrometer on Mt. Hamilton.</description>
		</planet>
		<planet>
			<name>HD 141399 e</name>
			<list>Confirmed planets</list>
			<discoverymethod>RV</discoverymethod>
			<lastupdate>14/04/29</lastupdate>
			<period errorminus="555.081" errorplus="555.081">3717.35</period>
			<eccentricity>0</eccentricity>
			<discoveryyear>2014</discoveryyear>
			<periastron>0</periastron>
			<semimajoraxis errorminus="0.46122" errorplus="0.46122">4.8968</semimajoraxis>
			<mass errorminus="0.164" errorplus="0.164">0.69</mass>
			<description>A four planet system. Found with the radial velocity datasets from Keck-HIRES and from Lick Observatory's new Automated Planet Finder Telescope and Levy Spectrometer on Mt. Hamilton.</description>
		</planet>
	</star>
</system>
