<system>
	<name>HD 180902</name>
	<rightascension>19 19 18</rightascension>
	<declination>-23 33 29</declination>
	<distance>110</distance>
	<star>
		<mass>1.52</mass>
		<radius>4.1</radius>
		<magV>7.78</magV>
		<magB errorminus="0.019" errorplus="0.019">8.714</magB>
		<magI errorminus="0.05" errorplus="0.05">8.87</magI>
		<magJ errorminus="0.018" errorplus="0.018">6.121</magJ>
		<magH errorminus="0.034" errorplus="0.034">5.670</magH>
		<magK errorminus="0.020" errorplus="0.020">5.543</magK>
		<metallicity>0.04</metallicity>
		<spectraltype>K0III/IV</spectraltype>
		<planet>
			<name>HD 180902 b</name>
			<list>Confirmed planets</list>
			<mass>1.6</mass>
			<period>479</period>
			<semimajoraxis>1.39</semimajoraxis>
			<eccentricity>0.09</eccentricity>
			<discoverymethod>RV</discoverymethod>
			<lastupdate>10/03/19</lastupdate>
			<discoveryyear>2010</discoveryyear>
			<temperature>380.7</temperature>
		</planet>
		<name>HD 180902</name>
		<temperature>5030.0</temperature>
	</star>
</system>
