<system>
	<name>HD 196050</name>
	<rightascension>20 37 51</rightascension>
	<declination>-60 38 04</declination>
	<distance>46.93</distance>
	<binary>
		<separation unit="arcsec">10.9</separation>
		<separation unit="AU">511</separation>
		<positionangle>175</positionangle>
		<star>
			<name>HD 196050 A</name>
			<name>HIP 101806</name>
			<mass>1.17</mass>
			<radius>1.29</radius>
			<magV>7.5</magV>
			<magB errorminus="0.02" errorplus="0.02">8.16</magB>
			<age>3.55</age>
			<metallicity>0.23</metallicity>
			<spectraltype>G3 V</spectraltype>
			<planet>
				<name>HD 196050 A b</name>
				<name>HD 196050 b</name>
				<name>HIP 101806 b</name>
				<list>Confirmed planets</list>
				<mass>2.83</mass>
				<period>1316.24</period>
				<semimajoraxis>2.47</semimajoraxis>
				<eccentricity>0.21</eccentricity>
				<discoverymethod>RV</discoverymethod>
				<lastupdate>12/12/04</lastupdate>
				<discoveryyear>2002</discoveryyear>
				<list>Planets in binary systems, S-type</list>
				<temperature>186.7</temperature>
			</planet>
			<temperature>5874.0</temperature>
		</star>
		<binary>
			<semimajoraxis>19.7</semimajoraxis>
			<star>
				<name>HD 196050 Ba</name>
				<mass>0.29</mass>
				<spectraltype>M3</spectraltype>
				<age>3.55</age>
			</star>
			<star>
				<name>HD 196050 Bb</name>
				<mass>0.19</mass>
				<spectraltype>M3.5</spectraltype>
				<age>3.55</age>
			</star>
		</binary>
	</binary>
</system>
