<system>
	<name>HD 13189</name>
	<rightascension>02 09 40</rightascension>
	<declination>+32 18 59</declination>
	<distance>185</distance>
	<star>
		<mass>4.5</mass>
		<radius>50.39</radius>
		<magV>7.57</magV>
		<magB errorminus="0.02" errorplus="0.02">9.04</magB>
		<spectraltype>K2 II</spectraltype>
		<planet>
			<name>HD 13189 b</name>
			<list>Confirmed planets</list>
			<mass>14</mass>
			<period>471.6</period>
			<semimajoraxis>1.85</semimajoraxis>
			<eccentricity>0.27</eccentricity>
			<discoverymethod>RV</discoverymethod>
			<lastupdate>10/12/29</lastupdate>
			<discoveryyear>2005</discoveryyear>
			<temperature>442.7</temperature>
		</planet>
		<name>HD 13189</name>
		<temperature>5150.0</temperature>
	</star>
</system>
