<system>
	<name>HD 148156</name>
	<rightascension>16 28 17</rightascension>
	<declination>-46 19 03</declination>
	<distance>53.05</distance>
	<star>
		<mass>1.22</mass>
		<radius>1.21</radius>
		<magV>7.69</magV>
		<magB errorminus="0.02" errorplus="0.02">8.26</magB>
		<magJ errorminus="0.018" errorplus="0.018">6.688</magJ>
		<magH errorminus="0.024" errorplus="0.024">6.489</magH>
		<magK errorminus="0.023" errorplus="0.023">6.397</magK>
		<metallicity>0.29</metallicity>
		<spectraltype>F8V</spectraltype>
		<planet>
			<name>HD 148156 b</name>
			<list>Confirmed planets</list>
			<mass>0.85</mass>
			<period>1010</period>
			<semimajoraxis>2.45</semimajoraxis>
			<eccentricity>0.52</eccentricity>
			<discoverymethod>RV</discoverymethod>
			<lastupdate>10/09/09</lastupdate>
			<discoveryyear>2009</discoveryyear>
			<temperature>191.9</temperature>
		</planet>
		<name>HD 148156</name>
		<temperature>6308.0</temperature>
	</star>
</system>
