<system>
	<name>HD 164595</name>
	<rightascension>18 00 38.89431</rightascension>
	<declination>+29 34 18.9202</declination>
	<distance errorminus="0.4" errorplus="0.4">28.93</distance>
	<star>
		<mass errorminus="0.03" errorplus="0.03">0.99</mass>
		<magV>7.08</magV>
		<magB>7.72</magB>
		<magR>6.7</magR>
		<magI>6.4</magI>
		<magJ errorminus="0.019" errorplus="0.019">5.864</magJ>
		<magH errorminus="0.020" errorplus="0.020">5.539</magH>
		<magK errorminus="0.021" errorplus="0.021">5.482</magK>
		<temperature errorminus="40" errorplus="40">5790</temperature>
		<metallicity errorminus="0.08" errorplus="0.08">-0.04</metallicity>
		<spectraltype>G2V</spectraltype>
		<name>HD 164595</name>
		<name>BD+29 3165</name>
		<name>HIP 88194</name>
		<name>2MASS J18003890+2934188</name>
		<name>PPM 106642</name>
		<name>TYC 2103-1620-1</name>
		<planet>
			<name>HD 164595 b</name>
			<name>BD+29 3165 b</name>
			<name>HIP 88194 b</name>
			<name>2MASS J18003890+2934188 b</name>
			<name>PPM 106642 b</name>
			<name>TYC 2103-1620-1 b</name>
			<list>Confirmed planets</list>
			<mass errorminus="0.008" errorplus="0.008">0.051</mass>
			<period errorminus="0.24" errorplus="0.24">40.00</period>
			<periastrontime errorminus="12" errorplus="12" unit="BJD">2456280</periastrontime>
			<semimajoraxis>0.23</semimajoraxis>
			<eccentricity errorminus="0.066" errorplus="0.12">0.088</eccentricity>
			<description>As part of a dedicated radial velocity survey devoted to search for low-mass planets around a sample of 190 bright solar-type stars in the northern hemisphere, the SOPHIE search for northern extrasolar planets reports the detection of this warm Neptune.</description>
			<discoverymethod>RV</discoverymethod>
			<lastupdate>15/06/29</lastupdate>
			<discoveryyear>2015</discoveryyear>
		</planet>
	</star>
</system>
