<system>
	<name>HD 188015</name>
	<rightascension>19 52 04</rightascension>
	<declination>+28 06 01</declination>
	<distance>52.6</distance>
	<binary>
		<separation unit="arcsec">13</separation>
		<separation unit="AU">684</separation>
		<positionangle>85</positionangle>
		<star>
			<name>HD 188015 A</name>
			<mass>1.09</mass>
			<radius>1.1</radius>
			<magV>8.22</magV>
			<magJ errorminus="0.035" errorplus="0.035">7.008</magJ>
			<magH errorminus="0.02" errorplus="0.02">6.716</magH>
			<magK errorminus="0.018" errorplus="0.018">6.632</magK>
			<magB errorminus="0.02" errorplus="0.02">8.95</magB>
			<metallicity>0.29</metallicity>
			<spectraltype>G5IV</spectraltype>
			<planet>
				<name>HD 188015 A b</name>
				<name>HD 188015 b</name>
				<list>Confirmed planets</list>
				<mass>1.26</mass>
				<period>456.46</period>
				<semimajoraxis>1.19</semimajoraxis>
				<eccentricity>0.15</eccentricity>
				<description>The star HD 188015 A is part of a binary system. The binary companion is approximately 684 astronomical units away and much less massive. The planet was found by Geoffrey Marcy and collaborators in 2005.</description>
				<discoverymethod>RV</discoverymethod>
				<lastupdate>12/12/08</lastupdate>
				<discoveryyear>2004</discoveryyear>
				<list>Planets in binary systems, S-type</list>
			</planet>
		</star>
		<star>
			<name>HD 188015 B</name>
			<mass>0.21</mass>
		</star>
	</binary>
</system>
