<system>
	<name>HD 175541</name>
	<rightascension>18 55 41</rightascension>
	<declination>+04 15 55</declination>
	<distance>128</distance>
	<star>
		<mass>1.65</mass>
		<radius>3.85</radius>
		<magV>8.03</magV>
		<magB errorminus="0.02" errorplus="0.02">8.90</magB>
		<magJ errorminus="0.026" errorplus="0.026">6.387</magJ>
		<magH errorminus="0.029" errorplus="0.029">5.952</magH>
		<magK errorminus="0.021" errorplus="0.021">5.829</magK>
		<metallicity>-0.07</metallicity>
		<spectraltype>G8IV</spectraltype>
		<planet>
			<name>HD 175541 b</name>
			<list>Confirmed planets</list>
			<mass>0.61</mass>
			<period>297.3</period>
			<semimajoraxis>1.03</semimajoraxis>
			<eccentricity>0.33</eccentricity>
			<discoverymethod>RV</discoverymethod>
			<lastupdate>07/04/20</lastupdate>
			<discoveryyear>2007</discoveryyear>
			<temperature>428.3</temperature>
		</planet>
		<name>HD 175541</name>
		<temperature>5060.0</temperature>
	</star>
</system>
