<system>
	<name>HD 117207</name>
	<rightascension>13 29 21</rightascension>
	<declination>-35 34 15</declination>
	<distance>33</distance>
	<star>
		<mass>1.07</mass>
		<radius>1.09</radius>
		<magV>7.26</magV>
		<magJ errorminus="0.019" errorplus="0.019">6.034</magJ>
		<magH errorminus="0.038" errorplus="0.038">5.749</magH>
		<magK errorminus="0.02" errorplus="0.02">5.65</magK>
		<magB errorminus="0.02" errorplus="0.02">7.98</magB>
		<metallicity>0.27</metallicity>
		<spectraltype>G8VI/V</spectraltype>
		<planet>
			<name>HD 117207 b</name>
			<list>Confirmed planets</list>
			<mass>2.06</mass>
			<period>2627.08</period>
			<semimajoraxis>3.78</semimajoraxis>
			<eccentricity>0.16</eccentricity>
			<discoverymethod>RV</discoverymethod>
			<lastupdate>10/12/31</lastupdate>
			<discoveryyear>2004</discoveryyear>
			<temperature>128.4</temperature>
		</planet>
		<name>HD 117207</name>
		<temperature>5432.0</temperature>
	</star>
</system>
