<system>
	<name>HD 117618</name>
	<rightascension>13 32 25</rightascension>
	<declination>-47 16 16</declination>
	<distance>38</distance>
	<star>
		<mass>1.05</mass>
		<radius>1.19</radius>
		<magV>7.18</magV>
		<magJ errorminus="0.02" errorplus="0.02">6.098</magJ>
		<magH errorminus="0.029" errorplus="0.029">5.843</magH>
		<magK errorminus="0.021" errorplus="0.021">5.737</magK>
		<magB errorminus="0.01" errorplus="0.01">7.77</magB>
		<metallicity>0.04</metallicity>
		<spectraltype>G2V</spectraltype>
		<planet>
			<name>HD 117618 b</name>
			<list>Confirmed planets</list>
			<mass>0.178</mass>
			<period>25.827</period>
			<semimajoraxis>0.176</semimajoraxis>
			<eccentricity>0.42</eccentricity>
			<discoverymethod>RV</discoverymethod>
			<lastupdate>09/10/06</lastupdate>
			<discoveryyear>2004</discoveryyear>
			<temperature>664.2</temperature>
		</planet>
		<planet>
			<name>HD 117618.02</name>
			<list>Controversial</list>
			<period errorminus="2" errorplus="2">318</period>
			<mass errorminus="0.1" errorplus="0.1">0.2</mass>
			<semimajoraxis errorminus="0.01" errorplus="0.01">0.93</semimajoraxis>
			<meananomaly errorminus="50" errorplus="50">304</meananomaly>
			<eccentricity errorminus="0.26" errorplus="0.26">0.00</eccentricity>
			<periastron errorminus="29" errorplus="29">0</periastron>
			<description>The radial velocity data for HD 117618 is compatible with either a single eccentric planet or a two-planet system with lower eccentricities.</description>
			<discoverymethod>RV</discoverymethod>
			<discoveryyear>2013</discoveryyear>
			<lastupdate>15/04/23</lastupdate>
		</planet>
		<name>HD 117618</name>
		<temperature>5861.0</temperature>
	</star>
</system>
