<system>
	<name>HD 181720</name>
	<rightascension>19 22 53</rightascension>
	<declination>-32 55 09</declination>
	<distance>56</distance>
	<star>
		<mass>0.92</mass>
		<magV>7.86</magV>
		<magB>8.44</magB>
		<magJ errorminus="0.019" errorplus="0.019">6.652</magJ>
		<magH errorminus="0.029" errorplus="0.029">6.346</magH>
		<magK errorminus="0.034" errorplus="0.034">6.294</magK>
		<metallicity>-0.53</metallicity>
		<spectraltype>G1V</spectraltype>
		<planet>
			<name>HD 181720 b</name>
			<list>Confirmed planets</list>
			<mass>0.37</mass>
			<period>956</period>
			<semimajoraxis>1.78</semimajoraxis>
			<eccentricity>0.26</eccentricity>
			<inclination>1</inclination>
			<discoverymethod>RV</discoverymethod>
			<lastupdate>11/01/11</lastupdate>
			<discoveryyear>2009</discoveryyear>
			<temperature>225.0</temperature>
		</planet>
		<name>HD 181720</name>
		<temperature>5781.0</temperature>
	</star>
</system>
