<system>
	<name>HD 104067</name>
	<rightascension>11 59 10</rightascension>
	<declination>-20 21 14</declination>
	<distance>20.8</distance>
	<star>
		<mass>0.791</mass>
		<magV>7.93</magV>
		<magB>8.897</magB>
		<magR>7.369</magR>
		<magI>6.913</magI>
		<magJ errorminus="0.019" errorplus="0.019">6.212</magJ>
		<magH errorminus="0.023" errorplus="0.023">5.754</magH>
		<magK errorminus="0.024" errorplus="0.024">5.614</magK>
		<metallicity>-0.06</metallicity>
		<spectraltype>K2V</spectraltype>
		<planet>
			<name>HD 104067 b</name>
			<list>Confirmed planets</list>
			<mass>0.186</mass>
			<period>55.806</period>
			<semimajoraxis>0.2643</semimajoraxis>
			<eccentricity>0.0</eccentricity>
			<discoverymethod>RV</discoverymethod>
			<lastupdate>11/07/05</lastupdate>
			<discoveryyear>2009</discoveryyear>
			<temperature>363.2</temperature>
		</planet>
		<name>HD 104067</name>
		<temperature>4969.0</temperature>
	</star>
</system>
