<system>
	<name>HD 142415</name>
	<rightascension>15 57 40</rightascension>
	<declination>-60 12 00</declination>
	<distance>34.2</distance>
	<star>
		<mass>1.09</mass>
		<radius>1.03</radius>
		<magV>7.34</magV>
		<magB>7.94</magB>
		<magR>7.3</magR>
		<magJ errorminus="0.019" errorplus="0.019">6.235</magJ>
		<magH errorminus="0.05" errorplus="0.05">5.99</magH>
		<magK errorminus="0.023" errorplus="0.023">5.892</magK>
		<metallicity>0.21</metallicity>
		<spectraltype>G1 V</spectraltype>
		<planet>
			<name>HD 142415 b</name>
			<list>Confirmed planets</list>
			<mass>1.62</mass>
			<period>386.3</period>
			<semimajoraxis>1.05</semimajoraxis>
			<eccentricity>0.5</eccentricity>
			<discoverymethod>RV</discoverymethod>
			<lastupdate>10/12/29</lastupdate>
			<discoveryyear>2003</discoveryyear>
			<temperature>250.5</temperature>
		</planet>
		<name>HD 142415</name>
		<temperature>5834.0</temperature>
	</star>
</system>
