<system>
	<name>HD 114386</name>
	<rightascension>13 10 39</rightascension>
	<declination>-35 03 17</declination>
	<distance>28.04</distance>
	<star>
		<mass>0.75</mass>
		<radius>0.76</radius>
		<age>2.19</age>
		<magV>8.73</magV>
		<magJ errorminus="0.024" errorplus="0.024">6.968</magJ>
		<magH errorminus="0.042" errorplus="0.042">6.497</magH>
		<magK errorminus="0.018" errorplus="0.018">6.351</magK>
		<magB errorminus="0.03" errorplus="0.03">9.80</magB>
		<spectraltype>K3 V</spectraltype>
		<planet>
			<name>HD 114386 b</name>
			<list>Confirmed planets</list>
			<mass>1.24</mass>
			<period errorminus="15.6" errorplus="15.6">937</period>
			<semimajoraxis>1.65</semimajoraxis>
			<eccentricity errorminus="0.03" errorplus="0.03">0.23</eccentricity>
			<discoverymethod>RV</discoverymethod>
			<lastupdate>14/03/05</lastupdate>
			<discoveryyear>2003</discoveryyear>
			<temperature>182.8</temperature>
		</planet>
		<planet>
			<name>HD 114386 c</name>
			<list>Confirmed planets</list>
			<mass>1.19</mass>
			<period>1046</period>
			<eccentricity>0.06</eccentricity>
			<discoverymethod>RV</discoverymethod>
			<lastupdate>11/09/13</lastupdate>
			<discoveryyear>2011</discoveryyear>
		</planet>
		<name>HD 114386</name>
		<temperature>4819.0</temperature>
	</star>
</system>
