<system>
	<name>HD 166724</name>
	<rightascension>18 14 00</rightascension>
	<declination>-42 34 31</declination>
	<distance>42.3</distance>
	<star>
		<magV>9.31</magV>
		<magB errorminus="0.03" errorplus="0.03">10.20</magB>
		<magR errorminus="0.03" errorplus="0.03">8.96</magR>
		<magI errorminus="0.05" errorplus="0.05">9.37</magI>
		<magJ errorminus="0.021" errorplus="0.021">7.752</magJ>
		<magH errorminus="0.055" errorplus="0.055">7.414</magH>
		<magK errorminus="0.024" errorplus="0.024">7.246</magK>
		<spectraltype>K0IV</spectraltype>
		<mass>0.81</mass>
		<age>4.0</age>
		<metallicity>-0.09</metallicity>
		<planet>
			<name>HD 166724 b</name>
			<list>Confirmed planets</list>
			<mass>3.53</mass>
			<semimajoraxis>5.42</semimajoraxis>
			<period>5144</period>
			<eccentricity>0.734</eccentricity>
			<periastron>202</periastron>
			<discoverymethod>RV</discoverymethod>
			<lastupdate>12/11/29</lastupdate>
			<discoveryyear>2011</discoveryyear>
		</planet>
		<name>HD 166724</name>
		<temperature>5150.0</temperature>
	</star>
</system>
