<system>
	<name>HD 11977</name>
	<rightascension>01 54 56</rightascension>
	<declination>-67 38 50</declination>
	<distance>66.5</distance>
	<star>
		<mass>2.31</mass>
		<radius>13</radius>
		<magV>4.7</magV>
		<magB>5.614</magB>
		<magJ errorminus="0.01" errorplus="0.01">3.046</magJ>
		<magH errorminus="0.01" errorplus="0.01">2.594</magH>
		<magK errorminus="0.01" errorplus="0.01">2.486</magK>
		<metallicity>-0.16</metallicity>
		<spectraltype>G5 III</spectraltype>
		<planet>
			<name>HD 11977 b</name>
			<list>Confirmed planets</list>
			<mass errorminus="0.2" errorplus="0.2">6.5</mass>
			<period errorminus="2.4" errorplus="2.4">621.6</period>
			<semimajoraxis errorminus="0.005" errorplus="0.005">1.89</semimajoraxis>
			<eccentricity errorminus="0.03" errorplus="0.03">0.3</eccentricity>
			<periastron errorminus="5.8" errorplus="5.8">35.5</periastron>
			<periastrontime errorminus="10" errorplus="10">2452906.6</periastrontime>
			<discoverymethod>RV</discoverymethod>
			<lastupdate>15/05/24</lastupdate>
			<discoveryyear>2005</discoveryyear>
			<description>HD 11977 b was the first planet confirmed to be orbiting an intermediate-mass star.</description>
		</planet>
		<name>HD 11977</name>
		<temperature>4975.0</temperature>
	</star>
</system>
