<system>
	<name>HD 12661</name>
	<rightascension>02 04 34</rightascension>
	<declination>+25 24 51</declination>
	<distance>37.16</distance>
	<star>
		<mass>1.07</mass>
		<radius>1.12</radius>
		<magV>7.44</magV>
		<magB>8.16</magB>
		<magR>7.0</magR>
		<magI>6.6</magI>
		<magJ>6.18</magJ>
		<magH>5.90</magH>
		<magK>5.86</magK>
		<metallicity>0.29</metallicity>
		<spectraltype>G6 V</spectraltype>
		<planet>
			<name>HD 12661 b</name>
			<list>Confirmed planets</list>
			<mass>2.3</mass>
			<period>263.6</period>
			<semimajoraxis>0.83</semimajoraxis>
			<eccentricity>0.377</eccentricity>
			<discoverymethod>RV</discoverymethod>
			<lastupdate>11/01/04</lastupdate>
			<discoveryyear>2000</discoveryyear>
			<temperature>291.4</temperature>
		</planet>
		<planet>
			<name>HD 12661 c</name>
			<list>Confirmed planets</list>
			<mass>1.57</mass>
			<period>1708</period>
			<semimajoraxis>2.56</semimajoraxis>
			<eccentricity>0.031</eccentricity>
			<discoverymethod>RV</discoverymethod>
			<lastupdate>11/01/04</lastupdate>
			<discoveryyear>2002</discoveryyear>
			<temperature>167.5</temperature>
		</planet>
		<name>HD 12661</name>
		<temperature>5742.0</temperature>
	</star>
</system>
