<system>
	<name>HD 156279</name>
	<rightascension>17 12 23</rightascension>
	<declination>+63 21 08</declination>
	<distance>36.6</distance>
	<star>
		<mass>0.93</mass>
		<magV>8.08</magV>
		<magB errorminus="0.018" errorplus="0.018">8.879</magB>
		<magR>7.6</magR>
		<magI>7.2</magI>
		<magJ errorminus="0.018" errorplus="0.018">6.677</magJ>
		<magH errorminus="0.026" errorplus="0.026">6.346</magH>
		<magK errorminus="0.023" errorplus="0.023">6.269</magK>
		<metallicity>0.14</metallicity>
		<spectraltype>K0</spectraltype>
		<planet>
			<name>HD 156279 b</name>
			<list>Confirmed planets</list>
			<mass>9.71</mass>
			<period>131.05</period>
			<semimajoraxis>0.495</semimajoraxis>
			<eccentricity>0.708</eccentricity>
			<discoverymethod>RV</discoverymethod>
			<lastupdate>11/11/04</lastupdate>
			<discoveryyear>2011</discoveryyear>
			<temperature>327.8</temperature>
		</planet>
		<name>HD 156279</name>
		<temperature>5453.0</temperature>
	</star>
</system>
