<system>
	<name>HD 147018</name>
	<rightascension>16 23 00</rightascension>
	<declination>-61 41 20</declination>
	<distance>42.96</distance>
	<star>
		<mass>0.927</mass>
		<magV>8.3</magV>
		<magB errorminus="0.02" errorplus="0.02">9.07</magB>
		<magJ errorminus="0.023" errorplus="0.023">6.963</magJ>
		<magH errorminus="0.044" errorplus="0.044">6.640</magH>
		<magK errorminus="0.021" errorplus="0.021">6.571</magK>
		<metallicity>0.1</metallicity>
		<spectraltype>G9V</spectraltype>
		<planet>
			<name>HD 147018 b</name>
			<list>Confirmed planets</list>
			<mass>2.12</mass>
			<period>44.236</period>
			<semimajoraxis>0.2388</semimajoraxis>
			<eccentricity>0.4686</eccentricity>
			<discoverymethod>RV</discoverymethod>
			<lastupdate>09/08/12</lastupdate>
			<discoveryyear>2009</discoveryyear>
			<temperature>481.2</temperature>
		</planet>
		<planet>
			<name>HD 147018 c</name>
			<list>Confirmed planets</list>
			<mass>6.56</mass>
			<period>1008</period>
			<semimajoraxis>1.922</semimajoraxis>
			<eccentricity>0.133</eccentricity>
			<discoverymethod>RV</discoverymethod>
			<lastupdate>09/08/12</lastupdate>
			<discoveryyear>2009</discoveryyear>
			<temperature>171.9</temperature>
		</planet>
		<name>HD 147018</name>
		<temperature>5441.0</temperature>
	</star>
</system>
