<system>
	<name>HD 175167</name>
	<rightascension>19 00 01</rightascension>
	<declination>-69 56 39</declination>
	<distance>67.02</distance>
	<star>
		<mass>1.102</mass>
		<magV>9.18</magV>
		<magB errorminus="0.01" errorplus="0.01">8.78</magB>
		<magR>7.89</magR>
		<magI errorminus="0.03" errorplus="0.03">8.86</magI>
		<magJ errorminus="0.019" errorplus="0.019">6.713</magJ>
		<magH errorminus="0.018" errorplus="0.018">6.381</magH>
		<magK errorminus="0.018" errorplus="0.018">6.288</magK>
		<metallicity>0.19</metallicity>
		<spectraltype>G5 IV/V</spectraltype>
		<planet>
			<name>HD 175167 b</name>
			<list>Confirmed planets</list>
			<mass>7.8</mass>
			<period>1290</period>
			<semimajoraxis>2.4</semimajoraxis>
			<eccentricity>0.54</eccentricity>
			<discoverymethod>RV</discoverymethod>
			<lastupdate>10/01/26</lastupdate>
			<discoveryyear>2010</discoveryyear>
			<temperature>154.0</temperature>
		</planet>
		<name>HD 175167</name>
		<temperature>5940.0</temperature>
	</star>
</system>
