<system>
	<name>HD 187123</name>
	<rightascension>19 46 58.1</rightascension>
	<declination>+34 25 10.3</declination>
	<distance errorminus="1.2" errorplus="1.2">48.3</distance>
	<star>
		<name>HD 187123</name>
		<name>HIP 97336</name>
		<name>SAO 68845</name>
		<name>TYC 2664-550-1</name>
		<name>BD+34 3708</name>
		<name>2MASS J19465809+3425105</name>
		<mass errorminus="0.025" errorplus="0.025">1.037</mass>
		<radius errorminus="0.039" errorplus="0.039">1.143</radius>
		<magB errorminus="0.016" errorplus="0.016">8.488</magB>
		<magV errorminus="0.01" errorplus="0.01">7.83</magV>
		<magR>7.4</magR>
		<magI>7.1</magI>
		<magJ>6.64</magJ>
		<magH>6.39</magH>
		<magK>6.34</magK>
		<metallicity errorminus="0.030" errorplus="0.030">0.121</metallicity>
		<spectraltype>G5V</spectraltype>
		<temperature errorminus="44" errorplus="44">5815</temperature>
		<planet>
			<name>HD 187123 b</name>
			<list>Confirmed planets</list>
			<mass errorminus="0.0026" errorplus="0.0026">0.5074</mass>
			<period errorminus="0.0000043" errorplus="0.0000043">3.0965886</period>
			<semimajoraxis errorminus="0.00034" errorplus="0.00034">0.04213</semimajoraxis>
			<eccentricity errorminus="0.0046" errorplus="0.0046">0.0093</eccentricity>
			<periastrontime errorminus="0.30" errorplus="0.30" unit="BJD">2454342.87</periastrontime>
			<periastron errorminus="200" errorplus="200">360</periastron>
			<discoverymethod>RV</discoverymethod>
			<description>HD 187123 b is a hot Jupiter discovered by precision radial velocity measurements. It is a member of a hierarchical 2-planet system.</description>
			<lastupdate>15/08/15</lastupdate>
			<discoveryyear>1998</discoveryyear>
		</planet>
		<planet>
			<name>HD 187123 c</name>
			<list>Confirmed planets</list>
			<mass errorminus="0.035" errorplus="0.035">1.818</mass>
			<period errorminus="46" errorplus="46">3324</period>
			<semimajoraxis errorminus="0.054" errorplus="0.054">4.417</semimajoraxis>
			<eccentricity errorminus="0.022" errorplus="0.022">0.280</eccentricity>
			<periastrontime errorminus="40" errorplus="40" unit="BJD">2453625</periastrontime>
			<periastron errorminus="3.9" errorplus="3.9">258.5</periastron>
			<description>HD 187123 c is a long-period giant planet on an eccentric orbit. It is a member of a hierarchical 2-planet system.</description>
			<discoverymethod>RV</discoverymethod>
			<lastupdate>15/08/15</lastupdate>
			<discoveryyear>2007</discoveryyear>
		</planet>
	</star>
</system>
