<system>
	<name>HD 102117</name>
	<rightascension>11 44 50</rightascension>
	<declination>-58 42 13</declination>
	<distance>42</distance>
	<star>
		<mass>1.03</mass>
		<radius>1.27</radius>
		<magV>7.47</magV>
		<magJ errorminus="0.023" errorplus="0.023">6.224</magJ>
		<magH errorminus="0.031" errorplus="0.031">5.949</magH>
		<magK errorminus="0.02" errorplus="0.02">5.833</magK>
		<magB errorminus="0.02" errorplus="0.02">8.20</magB>
		<metallicity>0.3</metallicity>
		<spectraltype>G6V</spectraltype>
		<planet>
			<name>HD 102117 b</name>
			<list>Confirmed planets</list>
			<mass>0.172</mass>
			<period>20.67</period>
			<semimajoraxis>0.1532</semimajoraxis>
			<eccentricity>0.106</eccentricity>
			<discoverymethod>RV</discoverymethod>
			<lastupdate>06/11/25</lastupdate>
			<discoveryyear>2004</discoveryyear>
			<temperature>719.6</temperature>
		</planet>
		<name>HD 102117</name>
		<temperature>5672.0</temperature>
	</star>
</system>
