<system>
	<name>HD 113337</name>
	<rightascension>13 01 47</rightascension>
	<declination>+63 36 37</declination>
	<distance errorminus="0.4" errorplus="0.4">36.9</distance>
	<star>
		<name>HD 113337</name>
		<name>HIP 63584</name>
		<name>HR 4934</name>
		<mass errorminus="0.14" errorplus="0.14">1.4</mass>
		<radius errorminus="0.15" errorplus="0.15">1.5</radius>
		<magV>6</magV>
		<magB>6.397</magB>
		<magR>5.8</magR>
		<magI>5.6</magI>
		<magJ errorminus="0.019" errorplus="0.019">5.187</magJ>
		<magH errorminus="0.018" errorplus="0.018">5.053</magH>
		<magK errorminus="0.017" errorplus="0.017">5.005</magK>
		<metallicity>0.07</metallicity>
		<spectraltype>F6V</spectraltype>
		<age errorminus="0.050" errorplus="0.100">0.150</age>
		<planet>
			<name>HD 113337 b</name>
			<name>HIP 63584 b</name>
			<name>HR 4934 b</name>
			<list>Confirmed planets</list>
			<mass errorminus="0.24" errorplus="0.24">2.83</mass>
			<period errorminus="3.3" errorplus="1.7">324</period>
			<semimajoraxis errorminus="0.09" errorplus="0.09">0.92</semimajoraxis>
			<eccentricity errorminus="0.04" errorplus="0.04">0.46</eccentricity>
			<periastron errorminus="3.7" errorplus="3.6">-140.8</periastron>
			<description>The planet HD 113337 b is orbiting a bright young F-type star. An IR excess has been attributed to a cold debris disk around the star. The planet has been found with the SOPHIE spectrograph on the 1.9m telescope at Observatoire de Haute-Provence.</description>
			<discoverymethod>RV</discoverymethod>
			<lastupdate>13/10/10</lastupdate>
			<discoveryyear>2013</discoveryyear>
		</planet>
	</star>
</system>
