<system>
	<name>HD 147513</name>
	<rightascension>16 24 01</rightascension>
	<declination>-39 11 34</declination>
	<distance>12.9</distance>
	<binary>
		<separation unit="arcsec">345</separation>
		<separation unit="AU">4451</separation>
		<positionangle>245</positionangle>
		<star>
			<name>HD 147513 A</name>
			<name>62 G. Scorpii A</name>
			<name>HR 6094 A</name>
			<mass>0.92</mass>
			<radius>1</radius>
			<magV>5.37</magV>
			<magB>5.973</magB>
			<magR>5.4</magR>
			<magJ errorminus="0.26" errorplus="0.26">4.41</magJ>
			<magH errorminus="0.19" errorplus="0.19">4.03</magH>
			<magK errorminus="0.04" errorplus="0.04">3.93</magK>
			<metallicity>-0.03</metallicity>
			<spectraltype>G5V</spectraltype>
			<planet>
				<name>HD 147513 A b</name>
				<name>62 G. Scorpii A b</name>
				<name>HR 6094 A b</name>
				<name>HD 147513 A</name>
				<name>HD 147513 b</name>
				<list>Confirmed planets</list>
				<mass>1.21</mass>
				<period>528.4</period>
				<semimajoraxis>1.32</semimajoraxis>
				<eccentricity>0.26</eccentricity>
				<discoverymethod>RV</discoverymethod>
				<description>The star system HD 147513, also known as HR 6094, consists of a Sun-like star, a white dwarf stellar remnant and a Jupiter-mass planet. The planet was discovered on 18 June 2002.</description>
				<lastupdate>12/12/08</lastupdate>
				<discoveryyear>2003</discoveryyear>
				<list>Planets in binary systems, S-type</list>
			</planet>
		</star>
		<star>
			<name>HD 147513 B</name>
			<name>62 G. Scorpii B</name>
			<name>HR 6094 B</name>
			<mass>0.65</mass>
			<spectraltype>DA2</spectraltype>
		</star>
	</binary>
</system>
