<system>
	<name>HD 136418</name>
	<rightascension>15 19 07</rightascension>
	<declination>+41 44 00</declination>
	<distance>98.2</distance>
	<star>
		<mass>1.33</mass>
		<radius>3.4</radius>
		<magV>7.88</magV>
		<magB errorminus="0.007" errorplus="0.007">8.810</magB>
		<magR>7.3</magR>
		<magI>6.9</magI>
		<metallicity>-0.07</metallicity>
		<spectraltype>G5</spectraltype>
		<planet>
			<name>HD 136418 b</name>
			<list>Confirmed planets</list>
			<mass>2</mass>
			<period>464.3</period>
			<semimajoraxis>1.32</semimajoraxis>
			<eccentricity>0.255</eccentricity>
			<discoverymethod>RV</discoverymethod>
			<lastupdate>10/03/19</lastupdate>
			<discoveryyear>2010</discoveryyear>
			<temperature>357.4</temperature>
		</planet>
		<name>HD 136418</name>
		<temperature>5071.0</temperature>
	</star>
</system>
