<system>
	<name>HD 100777</name>
	<rightascension>11 35 52</rightascension>
	<declination>-04 45 21</declination>
	<distance>52.8</distance>
	<star>
		<mass>1</mass>
		<magV>8.42</magV>
		<magJ errorminus="0.02" errorplus="0.02">7.152</magJ>
		<magH errorminus="0.031" errorplus="0.031">6.804</magH>
		<magK errorminus="0.026" errorplus="0.026">6.735</magK>
		<magB errorminus="0.02" errorplus="0.02">9.19</magB>
		<metallicity>0.27</metallicity>
		<spectraltype>K0</spectraltype>
		<planet>
			<name>HD 100777 b</name>
			<list>Confirmed planets</list>
			<mass>1.16</mass>
			<period>383.7</period>
			<semimajoraxis>1.03</semimajoraxis>
			<eccentricity>0.36</eccentricity>
			<description>The star HD10077 is an orange subgiant star in the constellation Leo. A planetary companion was discovered in 2007 with the HARPS spectrograph.</description>
			<discoverymethod>RV</discoverymethod>
			<lastupdate>07/04/07</lastupdate>
			<discoveryyear>2007</discoveryyear>
			<temperature>259.7</temperature>
		</planet>
		<name>HD 100777</name>
		<temperature>5582.0</temperature>
	</star>
</system>
