<system>
	<name>HD 131496</name>
	<rightascension>14 53 23</rightascension>
	<declination>+18 14 07</declination>
	<distance>110</distance>
	<star>
		<mass>1.61</mass>
		<radius>4.3</radius>
		<magV>7.96</magV>
		<magB errorminus="0.017" errorplus="0.017">8.828</magB>
		<magJ errorminus="0.021" errorplus="0.021">6.032</magJ>
		<magH errorminus="0.044" errorplus="0.044">5.546</magH>
		<magK errorminus="0.018" errorplus="0.018">5.437</magK>
		<metallicity>0.25</metallicity>
		<spectraltype>K2</spectraltype>
		<planet>
			<name>HD 131496 b</name>
			<list>Confirmed planets</list>
			<mass>2.2</mass>
			<period>883</period>
			<semimajoraxis>2.09</semimajoraxis>
			<eccentricity>0.163</eccentricity>
			<description>The star HD 131496 hosts a Jupiter-like planet. It was discovered as part of a Doppler survey at the Keck Observatory.</description>
			<discoverymethod>RV</discoverymethod>
			<lastupdate>12/07/24</lastupdate>
			<discoveryyear>2011</discoveryyear>
			<temperature>321.8</temperature>
		</planet>
		<name>HD 131496</name>
		<temperature>4927.0</temperature>
	</star>
</system>
