<system>
	<name>HD 118203</name>
	<rightascension>13 34 02</rightascension>
	<declination>+53 43 42</declination>
	<distance>88.6</distance>
	<star>
		<mass>1.23</mass>
		<magV>8.05</magV>
		<magJ errorminus="0.021" errorplus="0.021">6.861</magJ>
		<magH errorminus="0.038" errorplus="0.038">6.608</magH>
		<magK errorminus="0.023" errorplus="0.023">6.543</magK>
		<magB errorminus="0.02" errorplus="0.02">8.75</magB>
		<metallicity>0.1</metallicity>
		<spectraltype>K0</spectraltype>
		<planet>
			<name>HD 118203 b</name>
			<list>Confirmed planets</list>
			<mass>2.13</mass>
			<period>6.1335</period>
			<semimajoraxis>0.07</semimajoraxis>
			<eccentricity>0.309</eccentricity>
			<discoverymethod>RV</discoverymethod>
			<lastupdate>10/12/23</lastupdate>
			<discoveryyear>2005</discoveryyear>
			<temperature>1408.2</temperature>
		</planet>
		<name>HD 118203</name>
		<temperature>5600.0</temperature>
	</star>
</system>
