<system>
	<name>HD 16141</name>
	<name>79 Ceti</name>
	<rightascension>02 35 19</rightascension>
	<declination>-03 33 38</declination>
	<distance>35.9</distance>
	<binary>
		<separation unit="arcsec">6.2</separation>
		<separation unit="AU">223</separation>
		<positionangle>187</positionangle>
		<star>
			<name>HD 16141 A</name>
			<name>79 Ceti</name>
			<mass>1.01</mass>
			<radius>1</radius>
			<magV>6.78</magV>
			<magB>7.49</magB>
			<magJ errorminus="0.021" errorplus="0.021">5.679</magJ>
			<magH errorminus="0.04" errorplus="0.04">5.35</magH>
			<magK errorminus="0.023" errorplus="0.023">5.266</magK>
			<metallicity>0.02</metallicity>
			<spectraltype>G5 IV</spectraltype>
			<planet>
				<name>HD 16141 A b</name>
				<name>79 Ceti b</name>
				<name>HD 16141 b</name>
				<list>Confirmed planets</list>
				<mass>0.215</mass>
				<period>75.82</period>
				<semimajoraxis>0.35</semimajoraxis>
				<eccentricity>0.28</eccentricity>
				<discoverymethod>RV</discoverymethod>
				<lastupdate>12/12/04</lastupdate>
				<discoveryyear>2000</discoveryyear>
				<description>The planet HD16141 was the first known planet with a minimum mass less than that of Saturn. The star has a stellar companion at a projected distance of 223 astronomical units.</description>
				<image>HD16141</image>
				<imagedescription>An artist's conception of the planet around HD 16141. 
			
				Credit: Greg Bacon (STScI), NASA</imagedescription>
				<list>Planets in binary systems, S-type</list>
				<temperature>410.3</temperature>
			</planet>
			<temperature>5533.0</temperature>
		</star>
		<star>
			<name>HD 16141 B</name>
			<mass>0.31</mass>
			<spectraltype>M2.5</spectraltype>
			<magJ>9.27</magJ>
			<magH>10.062</magH>
			<magK>8.77</magK>
		</star>
	</binary>
</system>
