<system>
	<name>HD 132406</name>
	<rightascension>14 56 55</rightascension>
	<declination>+53 22 56</declination>
	<distance>71</distance>
	<star>
		<mass>1.09</mass>
		<magV>8.45</magV>
		<magB errorminus="0.007" errorplus="0.007">9.100</magB>
		<magR>8.1</magR>
		<magI>7.8</magI>
		<magJ errorminus="0.023" errorplus="0.023">7.250</magJ>
		<magH errorminus="0.031" errorplus="0.031">6.985</magH>
		<magK errorminus="0.017" errorplus="0.017">6.870</magK>
		<metallicity>0.18</metallicity>
		<spectraltype>G0V</spectraltype>
		<planet>
			<name>HD 132406 b</name>
			<list>Confirmed planets</list>
			<mass>5.61</mass>
			<period>974</period>
			<semimajoraxis>1.98</semimajoraxis>
			<eccentricity>0.34</eccentricity>
			<discoverymethod>RV</discoverymethod>
			<lastupdate>07/10/31</lastupdate>
			<discoveryyear>2007</discoveryyear>
			<temperature>209.0</temperature>
		</planet>
		<name>HD 132406</name>
		<temperature>5885.0</temperature>
	</star>
</system>
