<system>
	<name>HD 150433</name>
	<rightascension>16 41 08</rightascension>
	<declination>-02 51 26</declination>
	<distance>29.6</distance>
	<star>
		<magV>7.22</magV>
		<magB errorminus="0.016" errorplus="0.016">7.861</magB>
		<magR>6.80</magR>
		<magI errorminus="0.04" errorplus="0.04">8.70</magI>
		<magJ errorminus="0.019" errorplus="0.019">6.014</magJ>
		<magH errorminus="0.046" errorplus="0.046">5.715</magH>
		<magK errorminus="0.023" errorplus="0.023">5.610</magK>
		<spectraltype>G0</spectraltype>
		<planet>
			<name>HD 150433 b</name>
			<list>Confirmed planets</list>
			<mass>0.168</mass>
			<period>1096.2</period>
			<semimajoraxis>1.9303</semimajoraxis>
			<eccentricity>0.0</eccentricity>
			<description>This planet is part of a large data release by the Euopean HARP team.</description>
			<discoverymethod>RV</discoverymethod>
			<lastupdate>11/09/12</lastupdate>
			<discoveryyear>2011</discoveryyear>
			<temperature>182.8</temperature>
		</planet>
		<name>HD 150433</name>
		<temperature>5940.0</temperature>
	</star>
</system>
