<system>
	<name>HD 1461</name>
	<rightascension>00 18 42</rightascension>
	<declination>-08 03 11</declination>
	<distance>23.4</distance>
	<star>
		<mass>1.08</mass>
		<radius>1.095</radius>
		<magV>6.64</magV>
		<magB>7.14</magB>
		<magJ errorminus="0.018" errorplus="0.018">5.329</magJ>
		<magH errorminus="0.047" errorplus="0.047">5.041</magH>
		<magK errorminus="0.023" errorplus="0.023">4.897</magK>
		<metallicity>0.19</metallicity>
		<spectraltype>G0V</spectraltype>
		<planet>
			<name>HD 1461 b</name>
			<list>Confirmed planets</list>
			<mass>0.0239</mass>
			<period>5.7727</period>
			<semimajoraxis>0.063438</semimajoraxis>
			<eccentricity>0.14</eccentricity>
			<discoverymethod>RV</discoverymethod>
			<lastupdate>09/12/15</lastupdate>
			<discoveryyear>2009</discoveryyear>
			<temperature>1054.8</temperature>
		</planet>
		<planet>
			<name>HD 1461 c</name>
			<list>Confirmed planets</list>
			<mass>0.0186</mass>
			<period>13.505</period>
			<semimajoraxis>0.1117</semimajoraxis>
			<eccentricity>0.0</eccentricity>
			<description>This planet is part of a large data release by the Euopean HARP team.</description>
			<discoverymethod>RV</discoverymethod>
			<lastupdate>11/09/12</lastupdate>
			<discoveryyear>2011</discoveryyear>
			<temperature>795.9</temperature>
		</planet>
		<name>HD 1461</name>
		<temperature>5765.0</temperature>
	</star>
</system>
