<system>
	<name>HD 13808</name>
	<rightascension>02 12 43</rightascension>
	<declination>-53 44 38</declination>
	<distance>28.6</distance>
	<star>
		<magV>8.38</magV>
		<magB errorminus="0.020" errorplus="0.020">9.232</magB>
		<magR>8.06</magR>
		<magJ errorminus="0.021" errorplus="0.021">6.776</magJ>
		<magH errorminus="0.036" errorplus="0.036">6.383</magH>
		<magK errorminus="0.024" errorplus="0.024">6.250</magK>
		<spectraltype>K2V</spectraltype>
		<planet>
			<name>HD 13808 b</name>
			<list>Confirmed planets</list>
			<mass>0.0325</mass>
			<period>14.182</period>
			<semimajoraxis>0.1017</semimajoraxis>
			<eccentricity>0.17</eccentricity>
			<description>This planet is part of a large data release by the Euopean HARP team.</description>
			<discoverymethod>RV</discoverymethod>
			<lastupdate>11/09/12</lastupdate>
			<discoveryyear>2011</discoveryyear>
			<temperature>617.8</temperature>
		</planet>
		<planet>
			<name>HD 13808 c</name>
			<list>Confirmed planets</list>
			<mass>0.036</mass>
			<period>53.832</period>
			<semimajoraxis>0.2476</semimajoraxis>
			<eccentricity>0.43</eccentricity>
			<description>This planet is part of a large data release by the Euopean HARP team.</description>
			<discoverymethod>RV</discoverymethod>
			<lastupdate>11/09/12</lastupdate>
			<discoveryyear>2011</discoveryyear>
			<temperature>391.9</temperature>
		</planet>
		<name>HD 13808</name>
		<temperature>5150.0</temperature>
	</star>
</system>
