<system>
	<name>HD 171028</name>
	<rightascension>18 32 15</rightascension>
	<declination>+06 56 45</declination>
	<distance>90</distance>
	<star>
		<mass>0.99</mass>
		<radius>1.95</radius>
		<magV>8.31</magV>
		<magB errorminus="0.02" errorplus="0.02">8.93</magB>
		<magJ errorminus="0.027" errorplus="0.027">6.990</magJ>
		<magH errorminus="0.036" errorplus="0.036">6.663</magH>
		<magK errorminus="0.027" errorplus="0.027">6.604</magK>
		<metallicity>-0.49</metallicity>
		<spectraltype>G0</spectraltype>
		<planet>
			<name>HD 171028 b</name>
			<list>Confirmed planets</list>
			<mass>1.98</mass>
			<period>550</period>
			<semimajoraxis>1.32</semimajoraxis>
			<eccentricity>0.59</eccentricity>
			<discoverymethod>RV</discoverymethod>
			<lastupdate>10/11/10</lastupdate>
			<discoveryyear>2007</discoveryyear>
			<temperature>296.2</temperature>
		</planet>
		<name>HD 171028</name>
		<temperature>5663.0</temperature>
	</star>
</system>
