<system>
	<name>HD 1666</name>
	<rightascension>00 20 52.33959</rightascension>
	<declination>-19 55 52.4083</declination>
	<distance>110.6</distance>
	<star>
		<mass errorminus="0.07" errorplus="0.07">1.50</mass>
		<radius errorminus="0.49" errorplus="0.49">1.93</radius>
		<magB errorminus="0.02" errorplus="0.02">8.69</magB>
		<magV errorminus="0.01" errorplus="0.01">8.16</magV>
		<magJ errorminus="0.035" errorplus="0.035">7.269</magJ>
		<magH errorminus="0.042" errorplus="0.042">7.063</magH>
		<magK errorminus="0.023" errorplus="0.023">6.964</magK>
		<metallicity errorminus="0.04" errorplus="0.04">0.37</metallicity>
		<spectraltype>F7V</spectraltype>
		<age errorminus="0.20" errorplus="0.20">1.76</age>
		<planet>
			<name>HD 1666 b</name>
			<name>BD-20 48 b</name>
			<name>PPM 208672 b</name>
			<name>TYC 5842-736-1 b</name>
			<name>2MASS J00205233-1955522 b</name>
			<name>HIP 1666 b</name>
			<list>Confirmed planets</list>
			<mass errorminus="0.22" errorplus="0.31">6.43</mass>
			<period errorminus="0.9" errorplus="0.8">270.0</period>
			<periastrontime errorminus="5.3" errorplus="7.3">2453526.3</periastrontime>
			<semimajoraxis errorminus="0.02" errorplus="0.01">0.94</semimajoraxis>
			<eccentricity errorminus="0.02" errorplus="0.03">0.63</eccentricity>
			<description>This planet was detected from a radial velocity (RV) survey of metal-rich FGK stars by using three telescopes. This eccentric and massive planet with its values can be explained as a result of planet-planet interactions among Jovian planets.</description>
			<discoverymethod>RV</discoverymethod>
			<lastupdate>15/03/26</lastupdate>
			<discoveryyear>2015</discoveryyear>
		</planet>
		<name>HD 1666</name>
		<name>BD-20 48</name>
		<name>PPM 208672</name>
		<name>TYC 5842-736-1</name>
		<name>2MASS J00205233-1955522</name>
		<name>HIP 1666</name>
		<temperature errorminus="44" errorplus="44">6317</temperature>
	</star>
</system>
