<system>
	<name>HD 121504</name>
	<rightascension>13 57 17</rightascension>
	<declination>-56 02 24</declination>
	<distance>44.37</distance>
	<star>
		<mass>1.18</mass>
		<magV>7.54</magV>
		<magJ errorminus="0.093" errorplus="0.093">6.557</magJ>
		<magH errorminus="0.036" errorplus="0.036">6.224</magH>
		<magK errorminus="0.017" errorplus="0.017">6.124</magK>
		<magB errorminus="0.02" errorplus="0.02">8.12</magB>
		<metallicity>0.16</metallicity>
		<spectraltype>G2 V</spectraltype>
		<planet>
			<name>HD 121504 b</name>
			<list>Confirmed planets</list>
			<mass>1.22</mass>
			<period>63.33</period>
			<semimajoraxis>0.33</semimajoraxis>
			<eccentricity>0.03</eccentricity>
			<discoverymethod>RV</discoverymethod>
			<lastupdate>09/10/06</lastupdate>
			<discoveryyear>2003</discoveryyear>
			<temperature>502.8</temperature>
		</planet>
		<name>HD 121504</name>
		<temperature>6075.0</temperature>
	</star>
</system>
