<system>
	<name>HD 106515 A</name>
	<rightascension>12 15 07</rightascension>
	<declination>-07 15 26</declination>
	<distance>35.2</distance>
	<star>
		<mass>0.97</mass>
		<age>11.7</age>
		<metallicity>0.03</metallicity>
		<radius>1.62</radius>
		<magV>7.35</magV>
		<magB errorminus="0.02" errorplus="0.02">8.79</magB>
		<magJ errorminus="0.024" errorplus="0.024">6.585</magJ>
		<magH errorminus="0.05" errorplus="0.05">6.22</magH>
		<magK errorminus="0.026" errorplus="0.026">6.151</magK>
		<spectraltype>G5</spectraltype>
		<planet>
			<name>HD 106515 A b</name>
			<list>Confirmed planets</list>
			<mass>9.61</mass>
			<period>3630</period>
			<semimajoraxis>4.59</semimajoraxis>
			<eccentricity>0.572</eccentricity>
			<periastron>123.8</periastron>
			<description>HD 106515A is part of a binary system. It also shows signs of a planetary companion. The star system is almost 11 billion years old.</description>
			<discoverymethod>RV</discoverymethod>
			<lastupdate>12/11/29</lastupdate>
			<discoveryyear>2011</discoveryyear>
		</planet>
		<name>HD 106515 A</name>
	</star>
</system>
