<system>
	<name>HD 157172</name>
	<rightascension>17 22 35</rightascension>
	<declination>-19 36 58</declination>
	<distance>31.9</distance>
	<star>
		<magV>7.86</magV>
		<magB errorminus="0.018" errorplus="0.018">8.637</magB>
		<magR errorminus="0.07" errorplus="0.07">7.60</magR>
		<magI errorminus="0.04" errorplus="0.04">8.58</magI>
		<magJ errorminus="0.039" errorplus="0.039">6.534</magJ>
		<magH errorminus="0.017" errorplus="0.017">6.176</magH>
		<magK errorminus="0.029" errorplus="0.029">6.082</magK>
		<spectraltype>G8.5V</spectraltype>
		<planet>
			<name>HD 157172 b</name>
			<list>Confirmed planets</list>
			<mass>0.12</mass>
			<period>104.84</period>
			<semimajoraxis>0.416</semimajoraxis>
			<eccentricity>0.46</eccentricity>
			<description>This planet is part of a large data release by the Euopean HARP team.</description>
			<discoverymethod>RV</discoverymethod>
			<lastupdate>11/09/12</lastupdate>
			<discoveryyear>2011</discoveryyear>
			<temperature>347.9</temperature>
		</planet>
		<name>HD 157172</name>
		<temperature>5940.0</temperature>
	</star>
</system>
