<system>
	<name>HD 190647</name>
	<rightascension>20 07 20</rightascension>
	<declination>-35 32 19</declination>
	<distance>54.2</distance>
	<star>
		<mass>1.1</mass>
		<magV>7.78</magV>
		<magJ errorminus="0.024" errorplus="0.024">6.546</magJ>
		<magH errorminus="0.023" errorplus="0.023">6.251</magH>
		<magK errorminus="0.038" errorplus="0.038">6.161</magK>
		<magB errorminus="0.02" errorplus="0.02">8.54</magB>
		<metallicity>0.24</metallicity>
		<spectraltype>G5</spectraltype>
		<planet>
			<name>HD 190647 b</name>
			<list>Confirmed planets</list>
			<mass>1.9</mass>
			<period>1038.1</period>
			<semimajoraxis>2.07</semimajoraxis>
			<eccentricity>0.18</eccentricity>
			<discoverymethod>RV</discoverymethod>
			<lastupdate>07/04/07</lastupdate>
			<discoveryyear>2007</discoveryyear>
			<temperature>209.5</temperature>
		</planet>
		<name>HD 190647</name>
		<temperature>5628.0</temperature>
	</star>
</system>
