<system>
	<name>HD 114783</name>
	<rightascension>13 12 43</rightascension>
	<declination>-02 15 54</declination>
	<distance>20.4</distance>
	<star>
		<mass>0.92</mass>
		<radius>0.78</radius>
		<magV>7.57</magV>
		<magB>8.469</magB>
		<magR>7.053</magR>
		<magI>6.627</magI>
		<magJ errorminus="0.019" errorplus="0.019">6.025</magJ>
		<magH errorminus="0.05" errorplus="0.05">5.62</magH>
		<magK errorminus="0.017" errorplus="0.017">5.475</magK>
		<metallicity>0.33</metallicity>
		<spectraltype>K0</spectraltype>
		<planet>
			<name>HD 114783 b</name>
			<list>Confirmed planets</list>
			<mass>1</mass>
			<period>501</period>
			<semimajoraxis>1.2</semimajoraxis>
			<eccentricity>0.1</eccentricity>
			<inclination>10</inclination>
			<discoverymethod>RV</discoverymethod>
			<lastupdate>11/01/11</lastupdate>
			<discoveryyear>2001</discoveryyear>
			<temperature>181.4</temperature>
		</planet>
		<name>HD 114783</name>
		<temperature>5105.0</temperature>
	</star>
</system>
