<system>
	<name>HD 149026</name>
	<rightascension>16 30 29</rightascension>
	<declination>+38 20 50</declination>
	<distance>78.9</distance>
	<star>
		<mass>1.3</mass>
		<radius>1.497</radius>
		<magV errorminus="0.01" errorplus="0.01">8.14</magV>
		<magB errorminus="0.02" errorplus="0.02">8.75</magB>
		<magJ errorminus="0.017" errorplus="0.017">7.118</magJ>
		<magH errorminus="0.011" errorplus="0.011">6.899</magH>
		<magK errorminus="0.009" errorplus="0.009">6.819</magK>
		<metallicity>0.36</metallicity>
		<spectraltype>G0IV</spectraltype>
		<planet>
			<name>HD 149026 b</name>
			<list>Confirmed planets</list>
			<mass>0.356</mass>
			<radius>0.718</radius>
			<period>2.8758916</period>
			<semimajoraxis>0.04288</semimajoraxis>
			<eccentricity>0.0</eccentricity>
			<inclination>85.3</inclination>
			<transittime errorminus="0.003" errorplus="0.003" unit="BJD">2453317.836</transittime>
			<discoverymethod>transit</discoverymethod>
			<lastupdate>12/07/05</lastupdate>
			<discoveryyear>2005</discoveryyear>
			<temperature>1601.5</temperature>
			<istransiting>1</istransiting>
		</planet>
		<name>HD 149026</name>
		<temperature>6147.0</temperature>
	</star>
</system>
