<system>
	<name>HD 19994</name>
	<rightascension>03 12 46</rightascension>
	<declination>-01 11 45</declination>
	<distance>22.38</distance>
	<binary>
		<semimajoraxis>120</semimajoraxis>
		<eccentricity>0.26</eccentricity>
		<star>
			<name>HD 19994 A</name>
			<name>94 Ceti A</name>
			<name>Gliese 128 A</name>
			<name>GJ 128 A</name>
			<mass>1.34</mass>
			<radius>1.93</radius>
			<magV>5.07</magV>
			<magB>5.63</magB>
			<magK errorminus="0.24" errorplus="0.24">3.75</magK>
			<metallicity>0.25</metallicity>
			<spectraltype>F8 V</spectraltype>
			<planet>
				<name>HD 19994 A b</name>
				<name>94 Ceti A b</name>
				<name>Gliese 128 A b</name>
				<name>GJ 128 A b</name>
				<name>HD 19994 b</name>
				<list>Confirmed planets</list>
				<mass>1.68</mass>
				<period>535.7</period>
				<semimajoraxis>1.42</semimajoraxis>
				<eccentricity>0.3</eccentricity>
				<discoverymethod>RV</discoverymethod>
				<description>The star system 94 Ceti (also known ad HD 19994) is an eccentric binary approximately 73 light years away from Earth. A planet orbiting the primary star was discovered in 2000 by the European Southern Observatory.</description>
				<lastupdate>12/12/08</lastupdate>
				<discoveryyear>2000</discoveryyear>
				<list>Planets in binary systems, S-type</list>
			</planet>
		</star>
		<star>
			<name>HD 19994 B</name>
			<name>94 Ceti B</name>
			<name>Gliese 128 B</name>
			<name>GJ 128 B</name>
			<mass>0.35</mass>
			<spectraltype>M3V</spectraltype>
		</star>
	</binary>
</system>
