<system>
	<name>HD 148427</name>
	<rightascension>16 28 28</rightascension>
	<declination>-13 23 59</declination>
	<distance>59.3</distance>
	<star>
		<mass>1.45</mass>
		<radius>3.22</radius>
		<magV>6.89</magV>
		<magB errorminus="0.01" errorplus="0.01">7.85</magB>
		<magJ errorminus="0.021" errorplus="0.021">5.299</magJ>
		<magH errorminus="0.065" errorplus="0.065">4.875</magH>
		<magK errorminus="0.021" errorplus="0.021">4.682</magK>
		<metallicity>0.154</metallicity>
		<spectraltype>K0IV</spectraltype>
		<planet>
			<name>HD 148427 b</name>
			<list>Confirmed planets</list>
			<mass>0.96</mass>
			<period>331.5</period>
			<semimajoraxis>0.93</semimajoraxis>
			<eccentricity>0.16</eccentricity>
			<discoverymethod>RV</discoverymethod>
			<lastupdate>09/08/13</lastupdate>
			<discoveryyear>2009</discoveryyear>
			<temperature>413.8</temperature>
		</planet>
		<name>HD 148427</name>
		<temperature>5052.0</temperature>
	</star>
</system>
