<system>
	<name>HD 176051</name>
	<rightascension>18 57 02</rightascension>
	<declination>+32 54 05</declination>
	<distance>14.99</distance>
	<star>
		<spectraltype>G0V</spectraltype>
		<magV>5.22</magV>
		<magB>5.25</magB>
		<magR>4.9</magR>
		<magI>4.7</magI>
		<magJ>3.85</magJ>
		<magH>3.61</magH>
		<magK>3.65</magK>
		<planet>
			<name>HD 176051 b</name>
			<list>Confirmed planets</list>
			<mass>1.5</mass>
			<period>1016</period>
			<semimajoraxis>1.76</semimajoraxis>
			<eccentricity>0.0</eccentricity>
			<discoverymethod>RV</discoverymethod>
			<lastupdate>10/10/22</lastupdate>
			<discoveryyear>2010</discoveryyear>
		</planet>
		<name>HD 176051</name>
		<temperature>5700.0</temperature>
	</star>
</system>
