<system>
	<name>HD 179949</name>
	<rightascension>19 15 33</rightascension>
	<declination>-24 10 45</declination>
	<distance>27</distance>
	<star>
		<mass>1.28</mass>
		<radius>1.19</radius>
		<magV>6.25</magV>
		<magB>6.757</magB>
		<magJ errorminus="0.027" errorplus="0.027">5.296</magJ>
		<magH errorminus="0.04" errorplus="0.04">5.10</magH>
		<magK errorminus="0.018" errorplus="0.018">4.936</magK>
		<metallicity>0.22</metallicity>
		<spectraltype>F8 V</spectraltype>
		<planet>
			<name>HD 179949 b</name>
			<list>Confirmed planets</list>
			<mass>0.95</mass>
			<period>3.0925</period>
			<semimajoraxis>0.045</semimajoraxis>
			<eccentricity>0.022</eccentricity>
			<discoverymethod>RV</discoverymethod>
			<lastupdate>06/09/06</lastupdate>
			<discoveryyear>2000</discoveryyear>
			<temperature>1419.4</temperature>
		</planet>
		<name>HD 179949</name>
		<temperature>6260.0</temperature>
	</star>
</system>
