<system>
	<name>HD 192699</name>
	<rightascension>20 16 06.00508</rightascension>
	<declination>+04 34 50.8537</declination>
	<distance errorminus="2.5" errorplus="2.5">65.6</distance>
	<star>
		<name>HD 192699</name>
		<name>HIP 99894</name>
		<name>TYC 504-2358-1</name>
		<name>SAO 125628</name>
		<name>BD+04 4395</name>
		<name>2MASS J20160600+0434509</name>
		<mass errorminus="0.12" errorplus="0.12">1.69</mass>
		<radius errorminus="0.06" errorplus="0.06">3.90</radius>
		<temperature>5220.0</temperature>
		<magV>6.44</magV>
		<magB>7.290</magB>
		<magJ errorminus="0.262" errorplus="0.262">4.903</magJ>
		<magH errorminus="0.260" errorplus="0.260">4.360</magH>
		<magK errorminus="0.026" errorplus="0.026">4.366</magK>
		<metallicity>-0.15</metallicity>
		<spectraltype>G8IV</spectraltype>
		<planet>
			<name>HD 192699 b</name>
			<list>Confirmed planets</list>
			<mass errorminus="0.21" errorplus="0.15" type="msini">2.40</mass>
			<period errorminus="1.63" errorplus="1.77">345.53</period>
			<semimajoraxis errorminus="0.04" errorplus="0.03">1.32</semimajoraxis>
			<eccentricity errorminus="0.060" errorplus="0.029">0.129</eccentricity>
			<periastron errorminus="25.9" errorplus="23.3">41.3</periastron>
			<periastrontime errorminus="22.1" errorplus="21.0">2454036.6</periastrontime>
			<discoverymethod>RV</discoverymethod>
			<lastupdate>15/09/20</lastupdate>
			<discoveryyear>2007</discoveryyear>
		</planet>
	</star>
</system>
