<system>
	<name>HD 170469</name>
	<rightascension>18 29 11</rightascension>
	<declination>+11 41 44</declination>
	<distance>64.97</distance>
	<star>
		<mass>1.14</mass>
		<radius>1.22</radius>
		<magV>8.21</magV>
		<magJ errorminus="0.02" errorplus="0.02">7.047</magJ>
		<magH errorminus="0.034" errorplus="0.034">6.779</magH>
		<magK errorminus="0.018" errorplus="0.018">6.707</magK>
		<magB errorminus="0.02" errorplus="0.02">8.86</magB>
		<metallicity>0.3</metallicity>
		<spectraltype>G5IV</spectraltype>
		<planet>
			<name>HD 170469 b</name>
			<list>Confirmed planets</list>
			<mass>0.67</mass>
			<period>1145</period>
			<semimajoraxis>2.24</semimajoraxis>
			<eccentricity>0.11</eccentricity>
			<discoverymethod>RV</discoverymethod>
			<lastupdate>07/10/31</lastupdate>
			<discoveryyear>2007</discoveryyear>
			<temperature>188.9</temperature>
		</planet>
		<name>HD 170469</name>
		<temperature>5810.0</temperature>
	</star>
</system>
