<system>
	<name>HD 162020</name>
	<rightascension>17 50 38</rightascension>
	<declination>-40 19 06</declination>
	<distance>31.26</distance>
	<star>
		<mass>0.75</mass>
		<radius>0.71</radius>
		<magV>9.18</magV>
		<magJ errorminus="0.021" errorplus="0.021">7.175</magJ>
		<magH errorminus="0.027" errorplus="0.027">6.649</magH>
		<magK errorminus="0.024" errorplus="0.024">6.539</magK>
		<magB errorminus="0.04" errorplus="0.04">10.11</magB>
		<metallicity>0.01</metallicity>
		<spectraltype>K2 V</spectraltype>
		<planet>
			<name>HD 162020 b</name>
			<list>Confirmed planets</list>
			<mass>14.4</mass>
			<period>8.428198</period>
			<semimajoraxis>0.074</semimajoraxis>
			<eccentricity>0.277</eccentricity>
			<discoverymethod>RV</discoverymethod>
			<lastupdate>10/12/29</lastupdate>
			<discoveryyear>2002</discoveryyear>
			<temperature>656.4</temperature>
		</planet>
		<name>HD 162020</name>
		<temperature>4830.0</temperature>
	</star>
</system>
