<system>
	<name>HD 16417</name>
	<rightascension>02 36 59</rightascension>
	<declination>-34 34 41</declination>
	<distance>25.5</distance>
	<star>
		<mass>1.18</mass>
		<magV>5.78</magV>
		<magB>6.45</magB>
		<magJ errorminus="0.24" errorplus="0.24">4.60</magJ>
		<magH errorminus="0.23" errorplus="0.23">4.18</magH>
		<magK errorminus="0.018" errorplus="0.018">4.246</magK>
		<metallicity>0.19</metallicity>
		<spectraltype>G1V</spectraltype>
		<planet>
			<name>HD 16417 b</name>
			<list>Confirmed planets</list>
			<mass>0.069</mass>
			<period>17.24</period>
			<semimajoraxis>0.14</semimajoraxis>
			<eccentricity>0.2</eccentricity>
			<discoverymethod>RV</discoverymethod>
			<lastupdate>09/02/25</lastupdate>
			<discoveryyear>2009</discoveryyear>
			<temperature>875.5</temperature>
		</planet>
		<name>HD 16417</name>
		<temperature>5936.0</temperature>
	</star>
</system>
