<system>
	<name>HD 181342</name>
	<rightascension>19 21 04</rightascension>
	<declination>-23 37 10</declination>
	<distance>110.6</distance>
	<star>
		<mass>1.84</mass>
		<radius>4.6</radius>
		<magV>7.55</magV>
		<magB errorminus="0.019" errorplus="0.019">8.566</magB>
		<magI errorminus="0.05" errorplus="0.05">8.62</magI>
		<magJ errorminus="0.018" errorplus="0.018">5.853</magJ>
		<magH errorminus="0.026" errorplus="0.026">5.370</magH>
		<magK errorminus="0.020" errorplus="0.020">5.251</magK>
		<metallicity>0.26</metallicity>
		<spectraltype>K0III</spectraltype>
		<planet>
			<name>HD 181342 b</name>
			<list>Confirmed planets</list>
			<mass>3.3</mass>
			<period>663</period>
			<semimajoraxis>1.78</semimajoraxis>
			<eccentricity>0.177</eccentricity>
			<discoverymethod>RV</discoverymethod>
			<lastupdate>10/03/19</lastupdate>
			<discoveryyear>2010</discoveryyear>
			<temperature>354.7</temperature>
		</planet>
		<name>HD 181342</name>
		<temperature>5014.0</temperature>
	</star>
</system>
