<system>
	<name>HD 164509</name>
	<rightascension>18 01 31</rightascension>
	<declination>+00 06 16</declination>
	<distance>52</distance>
	<star>
		<mass>1.13</mass>
		<radius>1.06</radius>
		<magV>8.24</magV>
		<magB errorminus="0.019" errorplus="0.019">8.723</magB>
		<magR errorminus="0.05" errorplus="0.05">7.85</magR>
		<magJ errorminus="0.030" errorplus="0.030">6.938</magJ>
		<magH errorminus="0.061" errorplus="0.061">6.665</magH>
		<magK errorminus="0.021" errorplus="0.021">6.586</magK>
		<metallicity>0.21</metallicity>
		<spectraltype>G5V</spectraltype>
		<planet>
			<name>HD 164509 b</name>
			<list>Confirmed planets</list>
			<mass>0.48</mass>
			<period>282.4</period>
			<semimajoraxis>0.875</semimajoraxis>
			<eccentricity>0.26</eccentricity>
			<description>HD 164509 is a metal rich G5V star with at least one planet. A linear trend in the RV residuals suggest the existance of an additional planet.</description>
			<discoverymethod>RV</discoverymethod>
			<lastupdate>11/09/15</lastupdate>
			<discoveryyear>2011</discoveryyear>
			<temperature>286.2</temperature>
		</planet>
		<name>HD 164509</name>
		<temperature>5922.0</temperature>
	</star>
</system>
