<system>
	<name>HD 189567</name>
	<rightascension>20 05 33</rightascension>
	<declination>-67 19 15</declination>
	<distance>17.7</distance>
	<star>
		<magV>6.07</magV>
		<magB errorminus="0.01" errorplus="0.01">6.71</magB>
		<magJ errorminus="0.266" errorplus="0.266">5.108</magJ>
		<magH errorminus="0.076" errorplus="0.076">4.724</magH>
		<magK errorminus="0.026" errorplus="0.026">4.511</magK>
		<spectraltype>G2V</spectraltype>
		<planet>
			<name>HD 189567 b</name>
			<list>Confirmed planets</list>
			<mass>0.0316</mass>
			<period>14.275</period>
			<semimajoraxis>0.1099</semimajoraxis>
			<eccentricity>0.23</eccentricity>
			<description>This planet is part of a large data release by the Euopean HARP team.</description>
			<discoverymethod>RV</discoverymethod>
			<lastupdate>11/09/12</lastupdate>
			<discoveryyear>2011</discoveryyear>
			<temperature>769.4</temperature>
		</planet>
		<name>HD 189567</name>
		<temperature>5940.0</temperature>
	</star>
</system>
