<system>
	<name>HD 102365</name>
	<rightascension>11 46 31</rightascension>
	<declination>-40 30 01</declination>
	<distance>9.24</distance>
	<star>
		<mass>0.85</mass>
		<magV>4.89</magV>
		<magR>4.35</magR>
		<magI>3.97</magI>
		<magB errorminus="0.01" errorplus="0.01">5.55</magB>
		<magJ errorminus="0.276" errorplus="0.276">3.931</magJ>
		<magH errorminus="0.238" errorplus="0.238">3.490</magH>
		<magK errorminus="0.278" errorplus="0.278">3.489</magK>
		<metallicity>-0.28</metallicity>
		<spectraltype>G2V</spectraltype>
		<planet>
			<name>HD 102365 b</name>
			<list>Confirmed planets</list>
			<mass>0.05</mass>
			<period>122.1</period>
			<semimajoraxis>0.46</semimajoraxis>
			<eccentricity>0.34</eccentricity>
			<discoverymethod>RV</discoverymethod>
			<lastupdate>11/01/11</lastupdate>
			<discoveryyear>2011</discoveryyear>
			<temperature>355.1</temperature>
		</planet>
		<name>HD 102365</name>
		<temperature>5650.0</temperature>
	</star>
</system>
