<system>
	<name>HD 12648</name>
	<rightascension>02 18 59.654</rightascension>
	<declination>+85 44 10.22</declination>
	<distance errorminus="9.0" errorplus="9.0">158.4</distance>
	<star>
		<name>HD 12648</name>
		<name>HIP 10800</name>
		<name>TYC 4620-542-1</name>
		<name>BD+85 41</name>
		<name>PPM 401</name>
		<name>2MASS J02185973+8544102</name>
		<magB errorminus="0.01" errorplus="0.01">7.90</magB>
		<magV errorminus="0.01" errorplus="0.01">6.98</magV>
		<magJ errorminus="0.023" errorplus="0.023">5.302</magJ>
		<magH errorminus="0.046" errorplus="0.046">4.820</magH>
		<magK errorminus="0.031" errorplus="0.031">4.743</magK>
		<mass errorminus="0.1" errorplus="0.1">1.2</mass>
		<radius errorminus="0.6" errorplus="0.6">9.2</radius>
		<temperature errorminus="7.5" errorplus="7.5">4835.8</temperature>
		<metallicity errorminus="0.02" errorplus="0.02">-0.57</metallicity>
		<spectraltype>G5</spectraltype>
		<planet>
			<name>HD 12648 b</name>
			<name>HIP 10800 b</name>
			<name>TYC 4620-542-1 b</name>
			<name>BD+85 41 b</name>
			<name>PPM 401 b</name>
			<name>2MASS J02185973+8544102 b</name>
			<list>Confirmed planets</list>
			<mass errorminus="0.4" errorplus="0.4" type="msini">2.9</mass>
			<period errorminus="0.5" errorplus="0.5">133.6</period>
			<periastrontime errorminus="57.6" errorplus="57.6">2452324.7</periastrontime>
			<semimajoraxis errorminus="0.02" errorplus="0.02">0.54</semimajoraxis>
			<eccentricity errorminus="0.16" errorplus="0.16">0.04</eccentricity>
			<description>This planet was detected by the Bohyunsan Optical Astronomy Observatory (BOAO) which searches for exoplanets at northern circumpolar stars.</description>
			<discoverymethod>RV</discoverymethod>
			<lastupdate>15/09/30</lastupdate>
			<discoveryyear>2015</discoveryyear>
		</planet>
	</star>
</system>
