<system>
	<name>HD 154672</name>
	<rightascension>17 10 05</rightascension>
	<declination>-56 26 57</declination>
	<distance>65.8</distance>
	<star>
		<mass>1.06</mass>
		<radius>1.27</radius>
		<magV>8.22</magV>
		<magB errorminus="0.02" errorplus="0.02">8.91</magB>
		<magJ errorminus="0.029" errorplus="0.029">7.013</magJ>
		<magH errorminus="0.046" errorplus="0.046">6.699</magH>
		<magK errorminus="0.023" errorplus="0.023">6.612</magK>
		<metallicity>0.26</metallicity>
		<spectraltype>G3IV</spectraltype>
		<planet>
			<name>HD 154672 b</name>
			<list>Confirmed planets</list>
			<mass>5.02</mass>
			<period>163.91</period>
			<semimajoraxis>0.6</semimajoraxis>
			<eccentricity>0.61</eccentricity>
			<discoverymethod>RV</discoverymethod>
			<lastupdate>09/05/20</lastupdate>
			<discoveryyear>2008</discoveryyear>
			<temperature>357.1</temperature>
		</planet>
		<name>HD 154672</name>
		<temperature>5714.0</temperature>
	</star>
</system>
