<system>
	<name>HD 189733</name>
	<rightascension>20 00 43</rightascension>
	<declination>+22 42 39</declination>
	<distance>19.3</distance>
	<binary>
		<separation unit="arcsec">11.2</separation>
		<separation unit="AU">216</separation>
		<positionangle>246</positionangle>
		<star>
			<name>HD 189733 A</name>
			<name>V452 Vulpeculae A</name>
			<mass>0.8</mass>
			<radius>0.788</radius>
			<magV errorminus="0.05" errorplus="0.05">7.68</magV>
			<magB>8.578</magB>
			<magR>7.126</magR>
			<magI>6.68</magI>
			<magJ errorminus="0.027" errorplus="0.027">6.073</magJ>
			<magH errorminus="0.027" errorplus="0.027">5.587</magH>
			<magK errorminus="0.02" errorplus="0.02">5.54</magK>
			<metallicity>-0.03</metallicity>
			<spectraltype>K2V</spectraltype>
			<planet>
				<name>HD 189733 A b</name>
				<name>HD 189733 b</name>
				<name>V452 Vulpeculae A b</name>
				<list>Confirmed planets</list>
				<mass>1.138</mass>
				<radius>1.138</radius>
				<period>2.21857312</period>
				<semimajoraxis>0.03142</semimajoraxis>
				<eccentricity>0.0041</eccentricity>
				<inclination>85.51</inclination>
				<transittime errorminus="0.0004" errorplus="0.0004" unit="BJD">2453629.3928</transittime>
				<discoverymethod>transit</discoverymethod>
				<lastupdate>13/08/18</lastupdate>
				<discoveryyear>2005</discoveryyear>
				<temperature>1099.7</temperature>
				<description>The planet HD 189733 b is a transiting hot Jupiter on a 2 day orbit. Astronomers have observed the secondary eclipse with the Hubble Space Telescope. They found evidence for optically thick reflective clouds on the dayside hemisphere. According to the best-fit albedo values, the planet would appear deep blue at visible wavelengths.</description>
				<image>HD189733</image>
				<imagedescription>This illustration shows HD 189733b, a huge gas giant that orbits very close to its host star HD 189733. The planet's atmosphere is scorching with a temperature of over 1000 degrees Celsius, and it rains glass, sideways, in howling 7000 kilometre-per-hour winds.
				
	At a distance of 63 light-years from us, this turbulent alien world is one of the nearest exoplanets to Earth that can be seen crossing the face of its star. By observing this planet before, during, and after it disappeared behind its host star during orbit, astronomers were able to deduce that HD 189733b is a deep, azure blue - reminiscent of Earth's colour as seen from space.
				
	Credit: NASA, ESA, M. Kornmesser</imagedescription>
				<list>Planets in binary systems, S-type</list>
				<istransiting>1</istransiting>
			</planet>
			<temperature>4980.0</temperature>
		</star>
		<star>
			<name>HD 189733 B</name>
			<name>V452 Vulpeculae B</name>
			<spectraltype>M4</spectraltype>
			<mass>0.4</mass>
		</star>
	</binary>
</system>
