<system>
	<name>HD 120084</name>
	<name>HR 5184</name>
	<rightascension>13 42 39</rightascension>
	<declination>+78 03 51</declination>
	<distance>98</distance>
	<star>
		<magB>6.901</magB>
		<magV>5.910</magV>
		<magJ errorminus="0.282" errorplus="0.282">4.091</magJ>
		<magH errorminus="0.206" errorplus="0.206">3.599</magH>
		<magK errorminus="0.236" errorplus="0.236">3.572</magK>
		<name>HD 120084</name>
		<name>HR 5184</name>
		<mass>2.4</mass>
		<radius>9.12</radius>
		<temperature>4892</temperature>
		<metallicity>0.09</metallicity>
		<spectraltype>G7III</spectraltype>
		<planet>
			<name>HD 120084 b</name>
			<name>HR 5184 b</name>
			<list>Confirmed planets</list>
			<mass>4.5</mass>
			<period>2082</period>
			<semimajoraxis>4.3</semimajoraxis>
			<eccentricity>0.66</eccentricity>
			<periastron>117</periastron>
			<description>The planet HD 120084 b is on an eccentric orbit around a G7 star. It was discovered using the radial velocity method. The measurements were taken at the Okaya Astrophysical Observatory.</description>
			<discoverymethod>RV</discoverymethod>
			<lastupdate>13/04/17</lastupdate>
			<discoveryyear>2013</discoveryyear>
		</planet>
	</star>
</system>
