<system>
	<name>HD 142</name>
	<rightascension>00 06 19</rightascension>
	<declination>-49 04 30</declination>
	<distance>20.6</distance>
	<binary>
		<separation unit="arcsec">5.4</separation>
		<separation unit="AU">111</separation>
		<positionangle>177</positionangle>
		<star>
			<name>HD 142 A</name>
			<mass>1.15</mass>
			<radius>1.43</radius>
			<magV>5.7</magV>
			<magB>6.22</magB>
			<metallicity>0.04</metallicity>
			<spectraltype>G1 IV</spectraltype>
			<age>4.3</age>
			<temperature>6249</temperature>
			<planet>
				<name>HD 142 A b</name>
				<name>HD 142 b</name>
				<list>Confirmed planets</list>
				<mass>1.25</mass>
				<period>349.7</period>
				<semimajoraxis>1.02</semimajoraxis>
				<eccentricity>0.17</eccentricity>
				<description>The planet HD 142 A b is orbiting a G type star which is part of a binary. A second planet in the system has been discovered. After the discovery of the second planet, the reported eccentricity of the first planet changed significantly. This system is an example of how multiple-planet systems can masquerade as moderately eccentric single-planet systems.</description>
				<discoverymethod>RV</discoverymethod>
				<lastupdate>12/12/04</lastupdate>
				<discoveryyear>2001</discoveryyear>
				<list>Planets in binary systems, S-type</list>
				<temperature>249.8</temperature>
			</planet>
			<planet>
				<name>HD 142 A c</name>
				<name>HD 142 c</name>
				<list>Confirmed planets</list>
				<mass>5.3</mass>
				<period>6005</period>
				<semimajoraxis>6.8</semimajoraxis>
				<eccentricity>0.21</eccentricity>
				<description>This planet was discovered by the Anglo-Australian Planet Search. It is orbiting a star previously known to host one planet. The star also has a stellar companion. After the discovery of the second planet, the reported eccentricity of the first planet changed significantly. This system is an example of how multiple-planet systems can masquerade as moderately eccentric single-planet systems.</description>
				<discoverymethod>RV</discoverymethod>
				<lastupdate>12/12/04</lastupdate>
				<discoveryyear>2012</discoveryyear>
				<list>Planets in binary systems, S-type</list>
			</planet>
		</star>
		<star>
			<name>HD 142 B</name>
			<mass>0.59</mass>
			<spectraltype>G1 IV</spectraltype>
		</star>
	</binary>
</system>
