<system>
	<name>HD 154088</name>
	<rightascension>17 04 28</rightascension>
	<declination>-28 34 58</declination>
	<distance>17.8</distance>
	<star>
		<magV>6.58</magV>
		<magB errorminus="0.016" errorplus="0.016">7.411</magB>
		<magJ errorminus="0.020" errorplus="0.020">5.225</magJ>
		<magH errorminus="0.076" errorplus="0.076">4.955</magH>
		<magK errorminus="0.021" errorplus="0.021">4.758</magK>
		<spectraltype>K0IV</spectraltype>
		<planet>
			<name>HD 154088 b</name>
			<list>Confirmed planets</list>
			<mass>0.0193</mass>
			<period>18.596</period>
			<semimajoraxis>0.1316</semimajoraxis>
			<eccentricity>0.38</eccentricity>
			<description>This planet is part of a large data release by the Euopean HARP team.</description>
			<discoverymethod>RV</discoverymethod>
			<lastupdate>11/09/12</lastupdate>
			<discoveryyear>2011</discoveryyear>
			<temperature>643.6</temperature>
		</planet>
		<name>HD 154088</name>
		<temperature>5150.0</temperature>
	</star>
</system>
