<system>
	<name>HD 122430</name>
	<rightascension>14 02 22</rightascension>
	<declination>-27 25 47</declination>
	<distance>135</distance>
	<star>
		<mass>1.68</mass>
		<radius>22.9</radius>
		<magV>5.48</magV>
		<magB>6.827</magB>
		<magJ errorminus="0.272" errorplus="0.272">3.080</magJ>
		<magH errorminus="0.216" errorplus="0.216">2.373</magH>
		<magK errorminus="0.294" errorplus="0.294">2.261</magK>
		<metallicity>-0.09</metallicity>
		<spectraltype>K3III</spectraltype>
		<planet>
			<name>HD 122430 b</name>
			<list>Controversial</list>
			<mass>3.71</mass>
			<period>344.95</period>
			<semimajoraxis>1.02</semimajoraxis>
			<eccentricity>0.68</eccentricity>
			<discoverymethod>RV</discoverymethod>
			<lastupdate>15/05/24</lastupdate>
			<discoveryyear>2003</discoveryyear>
			<temperature>868.8</temperature>
			<description>The planet candidate HD 122430 b was not confirmed in follow-up measurements (Soto et al. 2015)</description>
		</planet>
		<name>HD 122430</name>
		<temperature>4300.0</temperature>
	</star>
</system>
