<system>
	<name>HD 126525</name>
	<rightascension>14 27 33</rightascension>
	<declination>-51 55 59</declination>
	<distance>38.1</distance>
	<star>
		<magV>7.85</magV>
		<magB errorminus="0.016" errorplus="0.016">8.529</magB>
		<magR>7.56</magR>
		<magI errorminus="0.03" errorplus="0.03">8.31</magI>
		<magJ errorminus="0.021" errorplus="0.021">6.634</magJ>
		<magH errorminus="0.033" errorplus="0.033">6.287</magH>
		<magK errorminus="0.023" errorplus="0.023">6.215</magK>
		<spectraltype>G4V</spectraltype>
		<planet>
			<name>HD 126525 b</name>
			<list>Confirmed planets</list>
			<mass>0.224</mass>
			<period>948.12</period>
			<semimajoraxis>1.8105</semimajoraxis>
			<eccentricity>0.13</eccentricity>
			<description>This planet is part of a large data release by the Euopean HARP team.</description>
			<discoverymethod>RV</discoverymethod>
			<lastupdate>11/09/12</lastupdate>
			<discoveryyear>2011</discoveryyear>
			<temperature>185.0</temperature>
		</planet>
		<name>HD 126525</name>
		<temperature>5940.0</temperature>
	</star>
</system>
