<system>
	<name>HD 159243</name>
	<rightascension>17 33 21.54580</rightascension>
	<declination>+05 42 02.6391</declination>
	<distance errorminus="5.5" errorplus="5.5">69.2</distance>
	<star>
		<name>HD 159243</name>
		<mass errorminus="0.03" errorplus="0.03">1.125</mass>
		<age errorminus="1.1" errorplus="1.1">1.25</age>
		<radius errorminus="0.05" errorplus="0.05">1.12</radius>
		<magV errorminus="0.01" errorplus="0.01">8.65</magV>
		<magB errorminus="0.02" errorplus="0.02">9.19</magB>
		<magJ errorminus="0.018" errorplus="0.018">7.581</magJ>
		<magH errorminus="0.024" errorplus="0.024">7.351</magH>
		<magK errorminus="0.021" errorplus="0.021">7.297</magK>
		<temperature errorminus="65" errorplus="65">6123</temperature>
		<metallicity errorminus="0.04" errorplus="0.04">0.05</metallicity>
		<spectraltype>G0V</spectraltype>
		<planet>
			<name>HD 159243 b</name>
			<list>Confirmed planets</list>
			<mass errorminus="0.05" errorplus="0.05">1.13</mass>
			<period errorminus="0.004" errorplus="0.004">12.620</period>
			<semimajoraxis errorminus="0.002" errorplus="0.002">0.11</semimajoraxis>
			<eccentricity errorminus="0.018" errorplus="0.018">0.02</eccentricity>
			<periastron errorminus="93" errorplus="93">223</periastron>
			<discoverymethod>RV</discoverymethod>
			<lastupdate>13/11/22</lastupdate>
			<discoveryyear>2013</discoveryyear>
			<description>The HD 159243 system contains two planets, one of which (HD 159243 b) is a hot Jupiter with an orbital period of 12.6 days. The system was discovered with the SOPHIE spectrograph in France.</description>
		</planet>
		<planet>
			<name>HD 159243 c</name>
			<list>Confirmed planets</list>
			<mass errorminus="0.13" errorplus="0.13">1.9</mass>
			<period errorminus="4.9" errorplus="4.9">248.4</period>
			<semimajoraxis errorminus="0.02" errorplus="0.02">0.8</semimajoraxis>
			<eccentricity errorminus="0.05" errorplus="0.05">0.075</eccentricity>
			<periastron errorminus="97" errorplus="97">69</periastron>
			<discoverymethod>RV</discoverymethod>
			<lastupdate>13/11/22</lastupdate>
			<discoveryyear>2013</discoveryyear>
			<description>The HD 159243 system contains two planets, one of which (HD 159243 b) is a hot Jupiter with an orbital period of 12.6 days. The system was discovered with the SOPHIE spectrograph in France.</description>
		</planet>
	</star>
</system>
