<system>
	<name>HD 181433</name>
	<rightascension>19 25 10</rightascension>
	<declination>-66 28 08</declination>
	<distance>26.15</distance>
	<star>
		<mass>0.78</mass>
		<magV>8.38</magV>
		<magB>9.42</magB>
		<magJ errorminus="0.020" errorplus="0.020">6.664</magJ>
		<magH errorminus="0.029" errorplus="0.029">6.243</magH>
		<magK errorminus="0.023" errorplus="0.023">6.094</magK>
		<metallicity>0.33</metallicity>
		<spectraltype>K3IV</spectraltype>
		<planet>
			<name>HD 181433 b</name>
			<list>Confirmed planets</list>
			<mass>0.0238</mass>
			<period>9.3743</period>
			<semimajoraxis>0.08</semimajoraxis>
			<eccentricity>0.396</eccentricity>
			<discoverymethod>RV</discoverymethod>
			<lastupdate>09/01/13</lastupdate>
			<discoveryyear>2008</discoveryyear>
			<temperature>660.5</temperature>
		</planet>
		<planet>
			<name>HD 181433 c</name>
			<list>Confirmed planets</list>
			<mass>0.64</mass>
			<period>962</period>
			<semimajoraxis>1.76</semimajoraxis>
			<eccentricity>0.28</eccentricity>
			<discoverymethod>RV</discoverymethod>
			<lastupdate>09/01/13</lastupdate>
			<discoveryyear>2008</discoveryyear>
			<temperature>141.6</temperature>
		</planet>
		<planet>
			<name>HD 181433 d</name>
			<list>Confirmed planets</list>
			<mass>0.54</mass>
			<period>2172</period>
			<semimajoraxis>3</semimajoraxis>
			<eccentricity>0.48</eccentricity>
			<discoverymethod>RV</discoverymethod>
			<lastupdate>09/01/13</lastupdate>
			<discoveryyear>2008</discoveryyear>
			<temperature>107.3</temperature>
		</planet>
		<name>HD 181433</name>
		<temperature>4962.0</temperature>
	</star>
	<videolink>http://youtu.be/71IuY-AQBUY</videolink>
</system>
