<system>
	<name>HD 16175</name>
	<rightascension>02 37 02</rightascension>
	<declination>+42 03 45</declination>
	<distance>59.8</distance>
	<star>
		<mass>1.35</mass>
		<radius>1.87</radius>
		<magV>7.28</magV>
		<magB errorminus="0.01" errorplus="0.01">7.92</magB>
		<magJ errorminus="0.039" errorplus="0.039">6.166</magJ>
		<magH errorminus="0.029" errorplus="0.029">5.922</magH>
		<magK errorminus="0.021" errorplus="0.021">5.853</magK>
		<metallicity>0.23</metallicity>
		<spectraltype>G0</spectraltype>
		<planet>
			<name>HD 16175 b</name>
			<list>Confirmed planets</list>
			<mass>4.4</mass>
			<period>990</period>
			<semimajoraxis>2.1</semimajoraxis>
			<eccentricity>0.59</eccentricity>
			<discoverymethod>RV</discoverymethod>
			<lastupdate>09/04/21</lastupdate>
			<discoveryyear>2007</discoveryyear>
			<temperature>243.7</temperature>
		</planet>
		<name>HD 16175</name>
		<temperature>6000.0</temperature>
	</star>
</system>
