<system>
	<name>HD 142022</name>
	<rightascension>16 10 15</rightascension>
	<declination>-84 13 53</declination>
	<distance>35.87</distance>
	<binary>
		<separation unit="arcsec">20.4</separation>
		<separation unit="AU">732</separation>
		<positionangle>130</positionangle>
		<star>
			<name>HD 142022 A</name>
			<mass>0.99</mass>
			<radius>0.705</radius>
			<magV>7.7</magV>
			<magB>8.47</magB>
			<metallicity>0.19</metallicity>
			<spectraltype>G9V</spectraltype>
			<planet>
				<name>HD 142022 A b</name>
				<list>Confirmed planets</list>
				<mass>5.1</mass>
				<period>1928</period>
				<semimajoraxis>3.03</semimajoraxis>
				<eccentricity>0.53</eccentricity>
				<inclination>10</inclination>
				<discoverymethod>RV</discoverymethod>
				<lastupdate>12/12/08</lastupdate>
				<description>The binary star system HD 142022 is located in the southernmost constellation of Octans. A planet has been discovered in orbit around the primary star.</description>
				<discoveryyear>2005</discoveryyear>
				<list>Planets in binary systems, S-type</list>
				<temperature>112.3</temperature>
			</planet>
			<temperature>5382.0</temperature>
		</star>
		<star>
			<name>HD 142022 B</name>
			<mass>0.60</mass>
			<spectraltype>K7V</spectraltype>
		</star>
	</binary>
</system>
