<system>
	<name>HD 106270</name>
	<rightascension>12 13 37</rightascension>
	<declination>-09 30 47</declination>
	<distance>84.9</distance>
	<star>
		<mass>1.32</mass>
		<radius>2.5</radius>
		<magV>7.73</magV>
		<magB errorminus="0.016" errorplus="0.016">8.319</magB>
		<magJ errorminus="0.026" errorplus="0.026">6.249</magJ>
		<magH errorminus="0.040" errorplus="0.040">5.964</magH>
		<magK errorminus="0.024" errorplus="0.024">5.862</magK>
		<metallicity>0.08</metallicity>
		<spectraltype>G5</spectraltype>
		<planet>
			<name>HD 106270 b</name>
			<list>Confirmed planets</list>
			<mass>11.0</mass>
			<period>2890</period>
			<semimajoraxis>4.3</semimajoraxis>
			<eccentricity>0.402</eccentricity>
			<description>The star HD 106270 hosts a Jupiter-like planet. It was discovered as part of a Doppler survey at the Keck Observatory.</description>
			<discoverymethod>RV</discoverymethod>
			<lastupdate>12/07/24</lastupdate>
			<discoveryyear>2011</discoveryyear>
			<temperature>187.6</temperature>
		</planet>
		<name>HD 106270</name>
		<temperature>5638.0</temperature>
	</star>
</system>
