<system>
	<name>HD 145457</name>
	<rightascension>16 10 04</rightascension>
	<declination>+26 44 34</declination>
	<distance>126</distance>
	<star>
		<mass>1.9</mass>
		<radius>9.9</radius>
		<magV>6.57</magV>
		<magB errorminus="0.01" errorplus="0.01">7.61</magB>
		<magR>6.91</magR>
		<magJ errorminus="0.228" errorplus="0.228">5.000</magJ>
		<magH errorminus="0.200" errorplus="0.200">4.418</magH>
		<magK errorminus="0.042" errorplus="0.042">4.122</magK>
		<metallicity>-0.14</metallicity>
		<spectraltype>K0</spectraltype>
		<planet>
			<name>HD 145457 b</name>
			<list>Confirmed planets</list>
			<mass>2.9</mass>
			<period>176.3</period>
			<semimajoraxis>0.76</semimajoraxis>
			<eccentricity>0.112</eccentricity>
			<discoverymethod>RV</discoverymethod>
			<lastupdate>10/05/18</lastupdate>
			<discoveryyear>2010</discoveryyear>
			<temperature>756.4</temperature>
		</planet>
		<name>HD 145457</name>
		<temperature>4757.0</temperature>
	</star>
</system>
