<system>
	<name>HD 155233</name>
	<rightascension>17 11 04.36474</rightascension>
	<declination>-20 39 16.4509</declination>
	<distance errorminus="3.3" errorplus="3.3">75.1</distance>
	<star>
		<name>HD 155233</name>
		<name>HIP 84056</name>
		<name>TYC 6244-136-1</name>
		<name>SAO 185116</name>
		<name>BD-20 4659</name>
		<name>CPD-20 6481</name>
		<name>2MASS J17110436-2039162</name>
		<magB>7.836</magB>
		<magV>6.813</magV>
		<magJ errorminus="0.037" errorplus="0.037">5.071</magJ>
		<magH errorminus="0.076" errorplus="0.076">4.728</magH>
		<magK errorminus="0.036" errorplus="0.036">4.493</magK>
		<spectraltype>K1 III</spectraltype>
		<mass errorminus="0.20" errorplus="0.20">1.50</mass>
		<metallicity errorminus="0.07" errorplus="0.07">0.10</metallicity>
		<temperature errorminus="100" errorplus="100">4845</temperature>
		<radius errorminus="0.22" errorplus="0.22">5.03</radius>
		<planet>
			<name>HD 155233 b</name>
			<list>Confirmed planets</list>
			<period errorminus="63" errorplus="63">885</period>
			<periastrontime errorminus="412" errorplus="412" unit="BJD">2455112</periastrontime>
			<eccentricity errorminus="0.20" errorplus="0.20">0.03</eccentricity>
			<periastron errorminus="90" errorplus="90">95</periastron>
			<mass errorminus="0.5" errorplus="0.5" type="msini">2.0</mass>
			<semimajoraxis errorminus="0.10" errorplus="0.10">2.07</semimajoraxis>
			<discoverymethod>RV</discoverymethod>
			<discoveryyear>2015</discoveryyear>
			<lastupdate>15/10/25</lastupdate>
			<description>HD 155233 b is a giant planet orbiting a giant star and was found by the Pan-Pacific Planet Search.</description>
		</planet>
	</star>
</system>
