<system>
	<name>HD 178911</name>
	<rightascension>19 09 03</rightascension>
	<declination>+34 35 59</declination>
	<distance>46.73</distance>
	<binary>
		<separation unit="arcsec">16.1</separation>
		<separation unit="AU">752</separation>
		<positionangle>82</positionangle>
		<star>
			<name>HD 178911 B</name>
			<name>HR 7272</name>
			<name>ADS 12101</name>
			<name>HIP 94075/6</name>
			<mass>1.07</mass>
			<radius>1.14</radius>
			<magV>7.98</magV>
			<magB>7.37</magB>
			<magR>6.3</magR>
			<magI>6.0</magI>
			<magJ>5.55</magJ>
			<magH>5.29</magH>
			<magK>5.21</magK>
			<metallicity>0.28</metallicity>
			<spectraltype>G5</spectraltype>
			<planet>
				<name>HD 178911 B b</name>
				<list>Confirmed planets</list>
				<mass>6.292</mass>
				<period>71.487</period>
				<semimajoraxis>0.32</semimajoraxis>
				<eccentricity>0.1243</eccentricity>
				<discoverymethod>RV</discoverymethod>
				<lastupdate>12/12/07</lastupdate>
				<description>The planet HD 178911 B b is part of a stellar triple system. The wide binary separation is approximately 640 astronomical units. The planet was found using the HIRES and ELODIE spectrographs mounted on telescopes in Hawaii and France.</description>
				<discoveryyear>2001</discoveryyear>
				<list>Planets in binary systems, S-type</list>
				<temperature>469.8</temperature>
			</planet>
			<temperature>5650.0</temperature>
		</star>
		<binary>
			<period>1296.6098</period>
			<eccentricity>0.59</eccentricity>
			<star>
				<name>HD 178911 Aa</name>
				<mass>1.1</mass>
				<spectraltype>G1</spectraltype>
			</star>
			<star>
				<name>HD 178911 Ab</name>
				<mass>0.79</mass>
				<spectraltype>K1</spectraltype>
			</star>
		</binary>
	</binary>
</system>
