<system>
	<name>HD 137388</name>
	<rightascension>15 35 40</rightascension>
	<declination>-80 12 17</declination>
	<distance>38</distance>
	<star>
		<mass>0.86</mass>
		<radius>0.82</radius>
		<magV>8.71</magV>
		<magB errorminus="0.02" errorplus="0.02">9.59</magB>
		<magR errorminus="0.05" errorplus="0.05">8.42</magR>
		<magI errorminus="0.03" errorplus="0.03">8.37</magI>
		<magJ errorminus="0.024" errorplus="0.024">7.230</magJ>
		<magH errorminus="0.024" errorplus="0.024">6.867</magH>
		<magK errorminus="0.023" errorplus="0.023">6.763</magK>
		<metallicity>0.18</metallicity>
		<spectraltype>K0/K1V</spectraltype>
		<planet>
			<name>HD 137388 b</name>
			<name>HD 137388 A b</name>
			<list>Confirmed planets</list>
			<mass>0.223</mass>
			<period>330</period>
			<semimajoraxis>0.89</semimajoraxis>
			<eccentricity>0.36</eccentricity>
			<description>HD 137388 b was found with the European High Accuracy Radial velocity Planet Searcher (HARPS) which can reach sub-meter-per-second precision. The planet orbits a K type star. HD 137388 appears in the literature as a binary system. However, according to Roell et al. (2012) the A and B components of HD 137388 have very different proper motions and are unlikely to be a physical binary system.</description>
			<discoverymethod>RV</discoverymethod>
			<lastupdate>11/08/02</lastupdate>
			<discoveryyear>2011</discoveryyear>
			<temperature>219.9</temperature>
		</planet>
		<name>HD 137388</name>
		<temperature>5240.0</temperature>
	</star>
</system>
