<system>
	<name>HD 179079</name>
	<rightascension>19 11 10</rightascension>
	<declination>-02 38 18</declination>
	<distance>63.69</distance>
	<star>
		<mass>1.087</mass>
		<radius>1.48</radius>
		<magV>7.95</magV>
		<magB errorminus="0.02" errorplus="0.02">8.66</magB>
		<magJ errorminus="0.021" errorplus="0.021">6.734</magJ>
		<magH errorminus="0.031" errorplus="0.031">6.402</magH>
		<magK errorminus="0.026" errorplus="0.026">6.311</magK>
		<metallicity>0.29</metallicity>
		<spectraltype>G5IV</spectraltype>
		<planet>
			<name>HD 179079 b</name>
			<list>Confirmed planets</list>
			<mass>0.08</mass>
			<period>14.476</period>
			<semimajoraxis>0.11</semimajoraxis>
			<eccentricity>0.115</eccentricity>
			<discoverymethod>RV</discoverymethod>
			<lastupdate>09/08/13</lastupdate>
			<discoveryyear>2009</discoveryyear>
			<temperature>925.0</temperature>
		</planet>
		<name>HD 179079</name>
		<temperature>5724.0</temperature>
	</star>
</system>
