<system>
	<name>HD 187085</name>
	<rightascension>19 49 33</rightascension>
	<declination>-37 46 50</declination>
	<distance>44.98</distance>
	<star>
		<mass>1.22</mass>
		<magV>7.22</magV>
		<magB errorminus="0.01" errorplus="0.01">7.78</magB>
		<magJ errorminus="0.023" errorplus="0.023">6.190</magJ>
		<magH errorminus="0.047" errorplus="0.047">5.951</magH>
		<magK errorminus="0.024" errorplus="0.024">5.876</magK>
		<metallicity>0.05</metallicity>
		<spectraltype>G0 V</spectraltype>
		<planet>
			<name>HD 187085 b</name>
			<list>Confirmed planets</list>
			<mass>0.75</mass>
			<period>986</period>
			<semimajoraxis>2.05</semimajoraxis>
			<eccentricity>0.47</eccentricity>
			<discoverymethod>RV</discoverymethod>
			<lastupdate>10/12/22</lastupdate>
			<discoveryyear>2006</discoveryyear>
			<temperature>215.5</temperature>
		</planet>
		<name>HD 187085</name>
		<temperature>6075.0</temperature>
	</star>
</system>
