<system>
	<name>HD 1690</name>
	<rightascension>00 21 13</rightascension>
	<declination>-08 16 52</declination>
	<distance>319</distance>
	<star>
		<mass>1.09</mass>
		<radius>16.7</radius>
		<magV>9.17</magV>
		<magB>10.515</magB>
		<magR>8.483</magR>
		<magI errorminus="0.04" errorplus="0.04">8.87</magI>
		<magJ errorminus="0.026" errorplus="0.026">6.877</magJ>
		<magH errorminus="0.038" errorplus="0.038">6.229</magH>
		<magK errorminus="0.026" errorplus="0.026">6.018</magK>
		<metallicity>-0.32</metallicity>
		<spectraltype>K1III</spectraltype>
		<planet>
			<name>HD 1690 b</name>
			<list>Confirmed planets</list>
			<mass>6.1</mass>
			<period>533</period>
			<semimajoraxis>1.3</semimajoraxis>
			<eccentricity>0.64</eccentricity>
			<discoverymethod>RV</discoverymethod>
			<lastupdate>10/12/20</lastupdate>
			<discoveryyear>2010</discoveryyear>
			<temperature>674.4</temperature>
		</planet>
		<name>HD 1690</name>
		<temperature>4393.0</temperature>
	</star>
</system>
