<system>
	<name>HD 108863</name>
	<rightascension>12 30 19</rightascension>
	<declination>+21 56 54</declination>
	<distance>139</distance>
	<star>
		<mass>1.85</mass>
		<radius>5.6</radius>
		<magV>7.89</magV>
		<magB errorminus="0.02" errorplus="0.02">8.71</magB>
		<magJ errorminus="0.037" errorplus="0.037">6.022</magJ>
		<magH errorminus="0.031" errorplus="0.031">5.516</magH>
		<magK errorminus="0.023" errorplus="0.023">5.392</magK>
		<metallicity>0.20</metallicity>
		<spectraltype>K0</spectraltype>
		<planet>
			<name>HD 108863 b</name>
			<list>Confirmed planets</list>
			<mass>2.6</mass>
			<period>443.4</period>
			<semimajoraxis>1.40</semimajoraxis>
			<eccentricity>0</eccentricity>
			<description>The star HD 108863 hosts a Jupiter-like planet. It was discovered as part of a Doppler survey at the Keck Observatory.</description>
			<discoverymethod>RV</discoverymethod>
			<lastupdate>12/07/24</lastupdate>
			<discoveryyear>2011</discoveryyear>
			<temperature>436.8</temperature>
		</planet>
		<name>HD 108863</name>
		<temperature>4956.0</temperature>
	</star>
</system>
