<system>
	<name>HD 114613</name>
	<rightascension>13 12 03.18502</rightascension>
	<declination>-37 48 10.8901</declination>
	<distance errorminus="0.13" errorplus="0.13">20.67</distance>
	<star>
		<name>HD 114613</name>
		<mass>1.364</mass>
		<temperature errorminus="17" errorplus="17">5729</temperature>
		<magV>4.85</magV>
		<magB>5.55</magB>
		<magR>4.28</magR>
		<magI>3.92</magI>
		<magJ>3.64</magJ>
		<magH errorminus="0.206" errorplus="0.206">3.346</magH>
		<magK>3.27</magK>
		<metallicity errorminus="0.01" errorplus="0.01">0.19</metallicity>
		<spectraltype>G4IV</spectraltype>
		<planet>
			<name>HD 114613 b</name>
			<list>Confirmed planets</list>
			<mass errorminus="0.04" errorplus="0.04">0.48</mass>
			<period errorminus="105" errorplus="105">3827</period>
			<semimajoraxis errorminus="0.13" errorplus="0.13">5.16</semimajoraxis>
			<eccentricity errorminus="0.08" errorplus="0.08">0.25</eccentricity>
			<periastron errorminus="5" errorplus="5">244</periastron>
			<description>HD 114613 b is a Jupiter analogue with a period of 10 years and a moderate eccentricity of 0.25. The planet was discovered by the Anglo-Australian Planet Search group.</description>
			<discoverymethod>RV</discoverymethod>
			<lastupdate>14/01/25</lastupdate>
			<discoveryyear>2014</discoveryyear>
		</planet>
	</star>
</system>
