<system>
	<name>HD 196067</name>
	<rightascension>20 41 44</rightascension>
	<declination>-75 21 03</declination>
	<distance>44.3</distance>
	<star>
		<magV>6.02</magV>
		<magB>6.64</magB>
		<magJ errorminus="0.021" errorplus="0.021">5.417</magJ>
		<magH errorminus="0.024" errorplus="0.024">5.207</magH>
		<magK errorminus="0.016" errorplus="0.016">5.080</magK>
		<spectraltype>G0V</spectraltype>
		<age>3.3</age>
		<mass>1.29</mass>
		<radius>1.73</radius>
		<metallicity>0.18</metallicity>
		<planet>
			<name>HD 196067 b</name>
			<list>Confirmed planets</list>
			<mass>6.9</mass>
			<period>3638</period>
			<eccentricity>0.66</eccentricity>
			<semimajoraxis>5.02</semimajoraxis>
			<periastron>148.2</periastron>
			<discoverymethod>RV</discoverymethod>
			<lastupdate>12/11/29</lastupdate>
			<discoveryyear>2011</discoveryyear>
			<temperature>177.2</temperature>
		</planet>
		<name>HD 196067</name>
		<temperature>5940.0</temperature>
	</star>
</system>
