<system>
	<name>HD 18742</name>
	<rightascension>03 00 10.656</rightascension>
	<declination>-20 48 09.38</declination>
	<distance>135</distance>
	<star>
		<mass>1.60</mass>
		<radius>4.9</radius>
		<magV>7.97</magV>
		<magB errorminus="0.018" errorplus="0.018">8.740</magB>
		<magJ errorminus="0.027" errorplus="0.027">6.177</magJ>
		<magH errorminus="0.042" errorplus="0.042">5.705</magH>
		<magK errorminus="0.024" errorplus="0.024">5.554</magK>
		<metallicity>-0.04</metallicity>
		<spectraltype>K0</spectraltype>
		<planet>
			<name>HD 18742 b</name>
			<list>Confirmed planets</list>
			<mass>2.7</mass>
			<period>772</period>
			<semimajoraxis>1.92</semimajoraxis>
			<eccentricity>0</eccentricity>
			<description>The star HD 18742 hosts a Jupiter-like planet. It was discovered as part of a Doppler survey at the Keck Observatory. Special thanks goes to Andrew from the Punahou School in Hawaii who pointed out an error in the spectral classification.</description>
			<discoverymethod>RV</discoverymethod>
			<lastupdate>12/08/07</lastupdate>
			<discoveryyear>2011</discoveryyear>
			<temperature>354.4</temperature>
		</planet>
		<name>HD 18742</name>
		<temperature>5048.0</temperature>
	</star>
</system>
