<system>
	<name>HD 173416</name>
	<rightascension>18 43 36</rightascension>
	<declination>+36 33 24</declination>
	<distance>135</distance>
	<star>
		<mass>2</mass>
		<radius>13.5</radius>
		<magV>6.06</magV>
		<magB>7.092</magB>
		<magJ errorminus="0.264" errorplus="0.264">4.580</magJ>
		<magH errorminus="0.232" errorplus="0.232">3.929</magH>
		<magK errorminus="0.354" errorplus="0.354">3.814</magK>
		<spectraltype>G8</spectraltype>
		<planet>
			<name>HD 173416 b</name>
			<list>Confirmed planets</list>
			<mass>2.7</mass>
			<period>323.6</period>
			<semimajoraxis>1.16</semimajoraxis>
			<eccentricity>0.21</eccentricity>
			<discoverymethod>RV</discoverymethod>
			<lastupdate>09/01/12</lastupdate>
			<discoveryyear>2009</discoveryyear>
			<temperature>702.5</temperature>
		</planet>
		<name>HD 173416</name>
		<temperature>4683.0</temperature>
	</star>
</system>
