<system>
	<name>HD 130322</name>
	<rightascension>14 47 33</rightascension>
	<declination>-00 16 53</declination>
	<distance>30</distance>
	<star>
		<mass>0.79</mass>
		<radius>0.83</radius>
		<magV>8.05</magV>
		<magJ errorminus="0.023" errorplus="0.023">6.712</magJ>
		<magH errorminus="0.027" errorplus="0.027">6.315</magH>
		<magK errorminus="0.023" errorplus="0.023">6.234</magK>
		<magB>8.82</magB>
		<metallicity>-0.02</metallicity>
		<spectraltype>K0 V</spectraltype>
		<planet>
			<name>HD 130322 b</name>
			<list>Confirmed planets</list>
			<mass>1.02</mass>
			<period>10.72</period>
			<semimajoraxis>0.088</semimajoraxis>
			<eccentricity>0.044</eccentricity>
			<inclination>76</inclination>
			<discoverymethod>RV</discoverymethod>
			<lastupdate>10/12/08</lastupdate>
			<discoveryyear>1999</discoveryyear>
			<temperature>721.7</temperature>
		</planet>
		<name>HD 130322</name>
		<temperature>5330.0</temperature>
	</star>
</system>
