<system>
	<name>HD 156668</name>
	<rightascension>17 17 40</rightascension>
	<declination>+29 13 38</declination>
	<distance>24.5</distance>
	<star>
		<mass>0.772</mass>
		<radius>0.72</radius>
		<magV>8.42</magV>
		<magB errorminus="0.02" errorplus="0.02">9.43</magB>
		<magR>7.8</magR>
		<magI>7.3</magI>
		<magJ errorminus="0.026" errorplus="0.026">6.593</magJ>
		<magH errorminus="0.024" errorplus="0.024">6.117</magH>
		<magK errorminus="0.020" errorplus="0.020">6.004</magK>
		<metallicity>0.05</metallicity>
		<spectraltype>K3V</spectraltype>
		<planet>
			<name>HD 156668 b</name>
			<list>Confirmed planets</list>
			<mass>0.0131</mass>
			<period>4.646</period>
			<semimajoraxis>0.05</semimajoraxis>
			<eccentricity>0.0</eccentricity>
			<discoverymethod>RV</discoverymethod>
			<lastupdate>10/05/24</lastupdate>
			<discoveryyear>2010</discoveryyear>
			<temperature>811.5</temperature>
		</planet>
		<name>HD 156668</name>
		<temperature>4850.0</temperature>
	</star>
</system>
