<system>
	<name>HD 114729</name>
	<rightascension>13 12 44</rightascension>
	<declination>-31 52 24</declination>
	<distance>35</distance>
	<binary>
		<separation unit="arcsec">8.05</separation>
		<separation unit="AU">282</separation>
		<positionangle>333</positionangle>
		<star>
			<name>HD 114729 A</name>
			<mass>0.93</mass>
			<radius>1.46</radius>
			<magV>6.69</magV>
			<magJ errorminus="0.019" errorplus="0.019">5.559</magJ>
			<magH errorminus="0.031" errorplus="0.031">5.29</magH>
			<magK errorminus="0.023" errorplus="0.023">5.136</magK>
			<magB>7.31</magB>
			<age>6</age>
			<metallicity>-0.22</metallicity>
			<spectraltype>G3 V</spectraltype>
			<planet>
				<name>HD 114729 A b</name>
				<name>HD 114729 b</name>
				<list>Confirmed planets</list>
				<list>Planets in binary systems, S-type</list>
				<mass>0.84</mass>
				<period>1135</period>
				<description>The planet HD 114720 A b is orbiting a Sun-like star approximately 114 light years away. It has a mass similar to Jupiter and was discovered by the California and Carnegie Planet Search.</description>
				<semimajoraxis>2.08</semimajoraxis>
				<eccentricity>0.32</eccentricity>
				<discoverymethod>RV</discoverymethod>
				<lastupdate>12/12/08</lastupdate>
				<discoveryyear>2002</discoveryyear>
			</planet>
		</star>
		<star>
			<name>HD 114729 B</name>
			<mass>0.253</mass>
			<spectraltype>M</spectraltype>
		</star>
	</binary>
</system>
