<system>
	<name>HD 125612</name>
	<rightascension>14 20 54</rightascension>
	<declination>-17 28 53</declination>
	<distance>52.82</distance>
	<star>
		<mass>1.1</mass>
		<radius>1.05</radius>
		<magV>8.31</magV>
		<magB errorminus="0.02" errorplus="0.02">8.93</magB>
		<metallicity>0.24</metallicity>
		<spectraltype>G3V</spectraltype>
		<planet>
			<name>HD 125612 b</name>
			<list>Confirmed planets</list>
			<mass>3</mass>
			<period>502</period>
			<semimajoraxis>1.37</semimajoraxis>
			<eccentricity>0.46</eccentricity>
			<description>The star HD 125612 is a metal rich yellow main sequence star in the constellation Virgo. It hosts at least 3 planets. All of them are on eccentric orbits.</description>
			<discoverymethod>RV</discoverymethod>
			<lastupdate>10/12/06</lastupdate>
			<discoveryyear>2007</discoveryyear>
			<temperature>224.5</temperature>
		</planet>
		<planet>
			<name>HD 125612 c</name>
			<list>Confirmed planets</list>
			<mass>0.058</mass>
			<period>4.1547</period>
			<semimajoraxis>0.05</semimajoraxis>
			<eccentricity>0.27</eccentricity>
			<description>The star HD 125612 is a metal rich yellow main sequence star in the constellation Virgo. It hosts at least 3 planets. All of them are on eccentric orbits.</description>
			<discoverymethod>RV</discoverymethod>
			<lastupdate>10/12/06</lastupdate>
			<discoveryyear>2009</discoveryyear>
			<temperature>1186.0</temperature>
		</planet>
		<planet>
			<name>HD 125612 d</name>
			<list>Confirmed planets</list>
			<mass>7.2</mass>
			<period>3008</period>
			<semimajoraxis>4.2</semimajoraxis>
			<eccentricity>0.28</eccentricity>
			<description>The star HD 125612 is a metal rich yellow main sequence star in the constellation Virgo. It hosts at least 3 planets. All of them are on eccentric orbits.</description>
			<discoverymethod>RV</discoverymethod>
			<lastupdate>10/12/06</lastupdate>
			<discoveryyear>2009</discoveryyear>
			<temperature>129.4</temperature>
		</planet>
		<name>HD 125612</name>
		<temperature>5897.0</temperature>
	</star>
</system>
