<system>
	<name>HD 141937</name>
	<rightascension>15 52 17</rightascension>
	<declination>-18 26 09</declination>
	<distance>33.46</distance>
	<star>
		<mass>1.1</mass>
		<radius>1.06</radius>
		<magV>7.25</magV>
		<magJ errorminus="0.02" errorplus="0.02">6.127</magJ>
		<magH errorminus="0.027" errorplus="0.027">5.866</magH>
		<magK errorminus="0.016" errorplus="0.016">5.764</magK>
		<magB errorminus="0.02" errorplus="0.02">7.87</magB>
		<metallicity>0.11</metallicity>
		<spectraltype>G2/G3 V</spectraltype>
		<planet>
			<name>HD 141937 b</name>
			<list>Confirmed planets</list>
			<mass>9.7</mass>
			<period>653.22</period>
			<semimajoraxis>1.52</semimajoraxis>
			<eccentricity>0.41</eccentricity>
			<discoverymethod>RV</discoverymethod>
			<lastupdate>10/12/29</lastupdate>
			<discoveryyear>2002</discoveryyear>
			<temperature>215.8</temperature>
		</planet>
		<name>HD 141937</name>
		<temperature>5925.0</temperature>
	</star>
</system>
