<system>
	<name>HD 168746</name>
	<rightascension>18 21 49</rightascension>
	<declination>-11 55 21</declination>
	<distance>43.12</distance>
	<star>
		<mass>0.88</mass>
		<radius>1.12</radius>
		<magV>7.95</magV>
		<magJ errorminus="0.034" errorplus="0.034">6.679</magJ>
		<magH errorminus="0.029" errorplus="0.029">6.329</magH>
		<magK errorminus="0.024" errorplus="0.024">6.253</magK>
		<magB errorminus="0.02" errorplus="0.02">8.66</magB>
		<metallicity>-0.06</metallicity>
		<spectraltype>G5</spectraltype>
		<planet>
			<name>HD 168746 b</name>
			<list>Confirmed planets</list>
			<mass>0.23</mass>
			<period>6.403</period>
			<semimajoraxis>0.065</semimajoraxis>
			<eccentricity>0.081</eccentricity>
			<discoverymethod>RV</discoverymethod>
			<lastupdate>10/12/29</lastupdate>
			<discoveryyear>2002</discoveryyear>
			<temperature>1026.4</temperature>
		</planet>
		<name>HD 168746</name>
		<temperature>5610.0</temperature>
	</star>
</system>
