<system>
	<name>HD 136352</name>
	<rightascension>15 21 48</rightascension>
	<declination>-48 19 03</declination>
	<distance>14.8</distance>
	<star>
		<magV>5.65</magV>
		<magB errorminus="0.01" errorplus="0.01">6.28</magB>
		<magJ errorminus="0.226" errorplus="0.226">4.308</magJ>
		<magH errorminus="0.192" errorplus="0.192">3.898</magH>
		<magK errorminus="0.036" errorplus="0.036">4.159</magK>
		<spectraltype>G4V</spectraltype>
		<planet>
			<name>HD 136352 b</name>
			<list>Confirmed planets</list>
			<mass>0.0166</mass>
			<period>11.577</period>
			<semimajoraxis>0.0933</semimajoraxis>
			<eccentricity>0.18</eccentricity>
			<description>This planet is part of a large data release by the Euopean HARP team.</description>
			<discoverymethod>RV</discoverymethod>
			<lastupdate>11/09/12</lastupdate>
			<discoveryyear>2011</discoveryyear>
			<temperature>842.3</temperature>
		</planet>
		<planet>
			<name>HD 136352 c</name>
			<list>Confirmed planets</list>
			<mass>0.0358</mass>
			<period>27.582</period>
			<semimajoraxis>0.1665</semimajoraxis>
			<eccentricity>0.16</eccentricity>
			<description>This planet is part of a large data release by the Euopean HARP team.</description>
			<discoverymethod>RV</discoverymethod>
			<lastupdate>11/09/12</lastupdate>
			<discoveryyear>2011</discoveryyear>
			<temperature>630.8</temperature>
		</planet>
		<planet>
			<name>HD 136352 d</name>
			<list>Confirmed planets</list>
			<mass>0.03</mass>
			<period>106.72</period>
			<semimajoraxis>0.411</semimajoraxis>
			<eccentricity>0.43</eccentricity>
			<description>This planet is part of a large data release by the Euopean HARP team.</description>
			<discoverymethod>RV</discoverymethod>
			<lastupdate>11/09/12</lastupdate>
			<discoveryyear>2011</discoveryyear>
			<temperature>397.3</temperature>
		</planet>
		<name>HD 136352</name>
		<temperature>5940.0</temperature>
	</star>
</system>
