<system>
	<name>HD 134606</name>
	<rightascension>15 15 15</rightascension>
	<declination>-70 31 11</declination>
	<distance>26.5</distance>
	<star>
		<magV>6.85</magV>
		<magB errorminus="0.01" errorplus="0.01">7.61</magB>
		<magR>6.69</magR>
		<magI errorminus="0.04" errorplus="0.04">8.89</magI>
		<magJ errorminus="0.023" errorplus="0.023">5.591</magJ>
		<magH errorminus="0.033" errorplus="0.033">5.275</magH>
		<magK errorminus="0.026" errorplus="0.026">5.177</magK>
		<spectraltype>G6IV</spectraltype>
		<planet>
			<name>HD 134606 b</name>
			<list>Confirmed planets</list>
			<mass>0.0292</mass>
			<period>12.083</period>
			<semimajoraxis>0.1023</semimajoraxis>
			<eccentricity>0.15</eccentricity>
			<description>This planet is part of a large data release by the Euopean HARP team.</description>
			<discoverymethod>RV</discoverymethod>
			<lastupdate>11/09/12</lastupdate>
			<discoveryyear>2011</discoveryyear>
			<temperature>817.0</temperature>
		</planet>
		<planet>
			<name>HD 134606 c</name>
			<list>Confirmed planets</list>
			<mass>0.0382</mass>
			<period>59.519</period>
			<semimajoraxis>0.2962</semimajoraxis>
			<eccentricity>0.29</eccentricity>
			<description>This planet is part of a large data release by the Euopean HARP team.</description>
			<discoverymethod>RV</discoverymethod>
			<lastupdate>11/09/12</lastupdate>
			<discoveryyear>2011</discoveryyear>
			<temperature>478.2</temperature>
		</planet>
		<planet>
			<name>HD 134606 d</name>
			<list>Confirmed planets</list>
			<mass>0.121</mass>
			<period>459.26</period>
			<semimajoraxis>1.1567</semimajoraxis>
			<eccentricity>0.46</eccentricity>
			<description>This planet is part of a large data release by the Euopean HARP team.</description>
			<discoverymethod>RV</discoverymethod>
			<lastupdate>11/09/12</lastupdate>
			<discoveryyear>2011</discoveryyear>
			<temperature>239.9</temperature>
		</planet>
		<name>HD 134606</name>
		<temperature>5940.0</temperature>
	</star>
</system>
