<system>
	<name>HD 215152</name>
	<rightascension>22 43 21</rightascension>
	<declination>-06 24 03</declination>
	<distance>21.5</distance>
	<star>
		<magV>8.13</magV>
		<magB errorminus="0.02" errorplus="0.02">9.12</magB>
		<magR>7.83</magR>
		<magI errorminus="0.03" errorplus="0.03">8.46</magI>
		<magJ errorminus="0.018" errorplus="0.018">6.353</magJ>
		<magH errorminus="0.029" errorplus="0.029">5.895</magH>
		<magK errorminus="0.026" errorplus="0.026">5.775</magK>
		<spectraltype>K0</spectraltype>
		<planet>
			<name>HD 215152 b</name>
			<list>Confirmed planets</list>
			<mass>0.0087</mass>
			<period>7.2825</period>
			<semimajoraxis>0.0652</semimajoraxis>
			<eccentricity>0.34</eccentricity>
			<description>This planet is part of a large data release by the Euopean HARP team.</description>
			<discoverymethod>RV</discoverymethod>
			<lastupdate>11/09/12</lastupdate>
			<discoveryyear>2011</discoveryyear>
			<temperature>704.7</temperature>
		</planet>
		<planet>
			<name>HD 215152 c</name>
			<list>Confirmed planets</list>
			<mass>0.0097</mass>
			<period>10.866</period>
			<semimajoraxis>0.0852</semimajoraxis>
			<eccentricity>0.38</eccentricity>
			<description>This planet is part of a large data release by the Euopean HARP team.</description>
			<discoverymethod>RV</discoverymethod>
			<lastupdate>11/09/12</lastupdate>
			<discoveryyear>2011</discoveryyear>
			<temperature>615.3</temperature>
		</planet>
		<name>HD 215152</name>
		<temperature>5150.0</temperature>
	</star>
</system>
