<system>
	<name>HD 219828</name>
	<rightascension>23 18 47</rightascension>
	<declination>+18 38 45</declination>
	<distance>81.1</distance>
	<star>
		<mass>1.24</mass>
		<radius>1.7</radius>
		<magV>8.04</magV>
		<magB errorminus="0.02" errorplus="0.02">8.68</magB>
		<magJ errorminus="0.021" errorplus="0.021">6.871</magJ>
		<magH errorminus="0.024" errorplus="0.024">6.614</magH>
		<magK errorminus="0.018" errorplus="0.018">6.530</magK>
		<metallicity>0.19</metallicity>
		<spectraltype>G0IV</spectraltype>
		<planet>
			<name>HD 219828 b</name>
			<list>Confirmed planets</list>
			<mass>0.066</mass>
			<period>3.8335</period>
			<semimajoraxis>0.052</semimajoraxis>
			<eccentricity>0.0</eccentricity>
			<discoverymethod>RV</discoverymethod>
			<lastupdate>10/12/21</lastupdate>
			<discoveryyear>2007</discoveryyear>
			<temperature>1485.2</temperature>
		</planet>
		<name>HD 219828</name>
		<temperature>5891.0</temperature>
	</star>
</system>
