<system>
	<name>HD 212771</name>
	<rightascension>22 27 03</rightascension>
	<declination>-17 15 49</declination>
	<distance>131</distance>
	<star>
		<mass>1.15</mass>
		<radius>5</radius>
		<magV>7.6</magV>
		<magB errorminus="0.02" errorplus="0.02">8.48</magB>
		<magI errorminus="0.03" errorplus="0.03">8.66</magI>
		<magJ errorminus="0.019" errorplus="0.019">6.025</magJ>
		<magH errorminus="0.038" errorplus="0.038">5.578</magH>
		<magK errorminus="0.018" errorplus="0.018">5.496</magK>
		<metallicity>-0.21</metallicity>
		<spectraltype>G8IV</spectraltype>
		<planet>
			<name>HD 212771 b</name>
			<list>Confirmed planets</list>
			<mass>2.3</mass>
			<period>373.3</period>
			<semimajoraxis>1.22</semimajoraxis>
			<eccentricity>0.111</eccentricity>
			<discoverymethod>RV</discoverymethod>
			<lastupdate>10/03/19</lastupdate>
			<discoveryyear>2010</discoveryyear>
			<temperature>456.8</temperature>
		</planet>
		<name>HD 212771</name>
		<temperature>5121.0</temperature>
	</star>
</system>
