<system>
	<name>HD 23079</name>
	<rightascension>03 39 43</rightascension>
	<declination>-52 54 57</declination>
	<distance>34.8</distance>
	<star>
		<mass>1.1</mass>
		<radius>1.13</radius>
		<magV>7.1</magV>
		<magJ errorminus="0.018" errorplus="0.018">6.03</magJ>
		<magH errorminus="0.018" errorplus="0.018">5.814</magH>
		<magK errorminus="0.02" errorplus="0.02">5.705</magK>
		<magB errorminus="0.01" errorplus="0.01">7.68</magB>
		<metallicity>-0.24</metallicity>
		<spectraltype>F8/G0 V</spectraltype>
		<planet>
			<name>HD 23079 b</name>
			<list>Confirmed planets</list>
			<mass>2.5</mass>
			<period>626</period>
			<semimajoraxis>1.5</semimajoraxis>
			<eccentricity>0.02</eccentricity>
			<discoverymethod>RV</discoverymethod>
			<lastupdate>10/12/30</lastupdate>
			<discoveryyear>2001</discoveryyear>
			<temperature>223.8</temperature>
		</planet>
		<name>HD 23079</name>
		<temperature>5848.0</temperature>
	</star>
</system>
