<system>
	<name>HD 213240</name>
	<rightascension>22 31 00</rightascension>
	<declination>-49 25 59</declination>
	<distance>40.75</distance>
	<binary>
		<separation unit="arcsec">95.8</separation>
		<separation unit="AU">3904</separation>
		<positionangle>127</positionangle>
		<star>
			<name>HD 213240 A</name>
			<mass>1.22</mass>
			<radius>1.5</radius>
			<magV>6.8</magV>
			<magH errorminus="0.023" errorplus="0.023">5.482</magH>
			<magB>7.41</magB>
			<age>3.6</age>
			<metallicity>0.16</metallicity>
			<spectraltype>G0V</spectraltype>
			<planet>
				<name>HD 213240 A b</name>
				<name>HD 213240 b</name>
				<list>Confirmed planets</list>
				<list>Planets in binary systems, S-type</list>
				<description>The binary star system HD 213240 consists of the components A and C. The letter B was already used by the WDS survey from 1901 to describe another object. However, it turns out that the B component is not physically associated with the binary. The planet orbiting the A component was discovered in 2001 by Santos and collaborators.</description>
				<mass>4.5</mass>
				<period>951</period>
				<semimajoraxis>2.03</semimajoraxis>
				<eccentricity>0.45</eccentricity>
				<discoverymethod>RV</discoverymethod>
				<lastupdate>12/12/08</lastupdate>
				<discoveryyear>2001</discoveryyear>
			</planet>
		</star>
		<star>
			<name>HD 213240 C</name>
			<mass>0.146</mass>
			<spectraltype>M</spectraltype>
			<magJ>12.415</magJ>
			<magK>11.595</magK>
		</star>
	</binary>
</system>
