<system>
	<name>HD 220689</name>
	<rightascension>23 25 53</rightascension>
	<declination>-20 36 58</declination>
	<distance>44.6</distance>
	<star>
		<magV>7.77</magV>
		<magB errorminus="0.017" errorplus="0.017">8.355</magB>
		<magR>7.65</magR>
		<magI errorminus="0.03" errorplus="0.03">8.59</magI>
		<magJ errorminus="0.019" errorplus="0.019">6.653</magJ>
		<magH errorminus="0.029" errorplus="0.029">6.407</magH>
		<magK errorminus="0.031" errorplus="0.031">6.326</magK>
		<mass>1.01</mass>
		<age>3.5</age>
		<radius>1.07</radius>
		<metallicity>0.00</metallicity>
		<spectraltype>G3V</spectraltype>
		<planet>
			<name>HD 220689 b</name>
			<list>Confirmed planets</list>
			<mass>1.06</mass>
			<semimajoraxis>3.36</semimajoraxis>
			<period>2209</period>
			<eccentricity>0.16</eccentricity>
			<periastron>137</periastron>
			<discoverymethod>RV</discoverymethod>
			<lastupdate>12/11/29</lastupdate>
			<discoveryyear>2011</discoveryyear>
			<temperature>149.6</temperature>
		</planet>
		<name>HD 220689</name>
		<temperature>5940.0</temperature>
	</star>
</system>
