<system>
	<name>HD 216536</name>
	<rightascension>22 53 03.9725</rightascension>
	<declination>+44 28 39.862</declination>
	<star>
		<name>HD 216536</name>
		<name>BD+43 4329</name>
		<name>GSC 03227-00413</name>
		<name>TYC 3227-413-1</name>
		<name>2MASS J22530398+4428399</name>
		<magB errorminus="0.03" errorplus="0.03">10.42</magB>
		<magV errorminus="0.02" errorplus="0.02">9.23</magV>
		<magJ errorminus="0.023" errorplus="0.023">7.172</magJ>
		<magH errorminus="0.029" errorplus="0.029">6.636</magH>
		<magK errorminus="0.018" errorplus="0.018">6.496</magK>
		<spectraltype>K0</spectraltype>
		<temperature errorminus="45" errorplus="45">4639</temperature>
		<metallicity errorminus="0.09" errorplus="0.09">-0.17</metallicity>
		<mass errorminus="0.38" errorplus="0.38">1.36</mass>
		<radius errorminus="4.0" errorplus="4.0">12.5</radius>
		<age errorminus="2.0" errorplus="4.3">3.8</age>
		<planet>
			<name>HD 216536 b</name>
			<period errorminus="0.7" errorplus="0.7">148.6</period>
			<periastrontime errorminus="11" errorplus="11">2453587</periastrontime>
			<eccentricity errorminus="0.10" errorplus="0.12">0.38</eccentricity>
			<periastron errorminus="20" errorplus="21">270</periastron>
			<mass errorminus="0.12" errorplus="0.20" type="msini">1.47</mass>
			<semimajoraxis errorminus="0.002" errorplus="0.002">0.609</semimajoraxis>
			<list>Confirmed planets</list>
			<discoverymethod>RV</discoverymethod>
			<discoveryyear>2015</discoveryyear>
			<lastupdate>15/01/29</lastupdate>
		</planet>
	</star>
</system>
