<system>
	<name>HD 25171</name>
	<rightascension>03 55 49</rightascension>
	<declination>-65 11 12</declination>
	<distance>55</distance>
	<star>
		<mass>1.09</mass>
		<radius>1.18</radius>
		<magV>7.79</magV>
		<magB errorminus="0.017" errorplus="0.017">8.293</magB>
		<magR errorminus="0.26" errorplus="0.26">7.77</magR>
		<magI errorminus="0.04" errorplus="0.04">7.74</magI>
		<magJ errorminus="0.020" errorplus="0.020">6.765</magJ>
		<magH errorminus="0.024" errorplus="0.024">6.570</magH>
		<magK errorminus="0.023" errorplus="0.023">6.489</magK>
		<metallicity>-0.11</metallicity>
		<spectraltype>F8V</spectraltype>
		<planet>
			<name>HD 25171 b</name>
			<list>Confirmed planets</list>
			<mass>0.95</mass>
			<period>1845</period>
			<semimajoraxis>3.02</semimajoraxis>
			<eccentricity>0.08</eccentricity>
			<discoverymethod>RV</discoverymethod>
			<lastupdate>10/12/20</lastupdate>
			<discoveryyear>2010</discoveryyear>
			<temperature>169.7</temperature>
		</planet>
		<name>HD 25171</name>
		<temperature>6160.0</temperature>
	</star>
</system>
