<system>
	<name>HD 204941</name>
	<rightascension>21 32 24</rightascension>
	<declination>-20 57 27</declination>
	<distance>27</distance>
	<star>
		<spectraltype>K2V</spectraltype>
		<mass>0.74</mass>
		<radius>0.72</radius>
		<magV>8.45</magV>
		<magB>9.39</magB>
		<magJ errorminus="0.026" errorplus="0.026">6.895</magJ>
		<magH errorminus="0.046" errorplus="0.046">6.475</magH>
		<magK errorminus="0.018" errorplus="0.018">6.357</magK>
		<metallicity>-0.19</metallicity>
		<planet>
			<name>HD 204941 b</name>
			<list>Confirmed planets</list>
			<mass>0.266</mass>
			<period>1733</period>
			<semimajoraxis>2.56</semimajoraxis>
			<eccentricity>0.37</eccentricity>
			<description>HD 204941 b was found with the European High Accuracy Radial velocity Planet Searcher (HARPS) which can reach sub-meter-per-second precision. The host star shows evidence for long-term solar-like magnetic cycles.</description>
			<discoverymethod>RV</discoverymethod>
			<lastupdate>11/08/02</lastupdate>
			<discoveryyear>2011</discoveryyear>
			<temperature>117.2</temperature>
		</planet>
		<name>HD 204941</name>
		<temperature>5056.0</temperature>
	</star>
</system>
