<system>
	<name>HD 208527</name>
	<rightascension>21 56 24</rightascension>
	<declination>+21 14 23</declination>
	<distance>320.2</distance>
	<star>
		<mass>1.6</mass>
		<radius>51.1</radius>
		<temperature>3950</temperature>
		<magV>6.4</magV>
		<magB errorminus="0.007" errorplus="0.007">8.060</magB>
		<magJ errorminus="0.214" errorplus="0.214">3.328</magJ>
		<magH errorminus="0.170" errorplus="0.170">2.537</magH>
		<magK errorminus="0.244" errorplus="0.244">2.224</magK>
		<metallicity>-0.09</metallicity>
		<spectraltype>K5 V</spectraltype>
		<planet>
			<name>HD 208527 b</name>
			<list>Confirmed planets</list>
			<mass>9.9</mass>
			<period>875.5</period>
			<semimajoraxis>2.1</semimajoraxis>
			<eccentricity>0.08</eccentricity>
			<description>The observation of this planet was made using the fiber-fed Bohyunsan Observatory Echelle Spectrograph between September 2008 to June 2012.</description>
			<discoverymethod>RV</discoverymethod>
			<lastupdate>12/11/11</lastupdate>
			<discoveryyear>2012</discoveryyear>
			<temperature>877.3</temperature>
		</planet>
		<name>HD 208527</name>
	</star>
</system>
