<system>
	<name>HD 27631</name>
	<rightascension>04 19 45</rightascension>
	<declination>-41 57 37</declination>
	<distance>45.5</distance>
	<star>
		<magV>8.25</magV>
		<magB errorminus="0.017" errorplus="0.017">8.914</magB>
		<magR errorminus="0.38" errorplus="0.38">8.38</magR>
		<magJ errorminus="0.026" errorplus="0.026">7.023</magJ>
		<magH errorminus="0.034" errorplus="0.034">6.719</magH>
		<magK errorminus="0.021" errorplus="0.021">6.646</magK>
		<spectraltype>G3 IV/V</spectraltype>
		<metallicity>-0.12</metallicity>
		<mass>0.94</mass>
		<age>4.4</age>
		<radius>1.0</radius>
		<temperature>5737</temperature>
		<planet>
			<name>HD 27631 b</name>
			<list>Confirmed planets</list>
			<mass>1.45</mass>
			<period>2208</period>
			<eccentricity>0.12</eccentricity>
			<periastron>134</periastron>
			<semimajoraxis>3.25</semimajoraxis>
			<discoverymethod>RV</discoverymethod>
			<lastupdate>12/11/29</lastupdate>
			<discoveryyear>2011</discoveryyear>
			<temperature>137.7</temperature>
		</planet>
		<name>HD 27631</name>
	</star>
</system>
