<system>
	<name>HD 206610</name>
	<rightascension>21 43 25</rightascension>
	<declination>-07 24 30</declination>
	<distance>194</distance>
	<star>
		<mass>1.56</mass>
		<radius>6.1</radius>
		<magV>8.34</magV>
		<magB errorminus="0.02" errorplus="0.02">9.38</magB>
		<magI errorminus="0.03" errorplus="0.03">8.76</magI>
		<magJ errorminus="0.019" errorplus="0.019">6.579</magJ>
		<magH errorminus="0.027" errorplus="0.027">6.111</magH>
		<magK errorminus="0.026" errorplus="0.026">5.952</magK>
		<metallicity>0.14</metallicity>
		<spectraltype>K0</spectraltype>
		<planet>
			<name>HD 206610 b</name>
			<list>Confirmed planets</list>
			<mass>2.2</mass>
			<period>610</period>
			<semimajoraxis>1.68</semimajoraxis>
			<eccentricity>0.229</eccentricity>
			<discoverymethod>RV</discoverymethod>
			<lastupdate>10/03/19</lastupdate>
			<discoveryyear>2010</discoveryyear>
			<temperature>408.1</temperature>
		</planet>
		<name>HD 206610</name>
		<temperature>4874.0</temperature>
	</star>
</system>
