<system>
	<name>HD 28185</name>
	<rightascension>04 26 26</rightascension>
	<declination>-10 33 02</declination>
	<distance>39.4</distance>
	<star>
		<mass>1.24</mass>
		<radius>1.03</radius>
		<magV>7.81</magV>
		<magJ errorminus="0.026" errorplus="0.026">6.578</magJ>
		<magH errorminus="0.044" errorplus="0.044">6.289</magH>
		<magK errorminus="0.029" errorplus="0.029">6.185</magK>
		<magB errorminus="0.02" errorplus="0.02">8.52</magB>
		<metallicity>0.24</metallicity>
		<spectraltype>G5</spectraltype>
		<planet>
			<name>HD 28185 b</name>
			<list>Confirmed planets</list>
			<mass>5.7</mass>
			<period>383</period>
			<semimajoraxis>1.03</semimajoraxis>
			<eccentricity>0.07</eccentricity>
			<discoverymethod>RV</discoverymethod>
			<lastupdate>10/12/20</lastupdate>
			<discoveryyear>2001</discoveryyear>
			<temperature>241.6</temperature>
		</planet>
		<name>HD 28185</name>
		<temperature>5482.0</temperature>
	</star>
</system>
