<system>
	<name>HD 27442</name>
	<rightascension>04 16 29</rightascension>
	<declination>-59 18 07</declination>
	<distance>18.1</distance>
	<binary>
		<separation unit="arcsec">13.8</separation>
		<separation unit="AU">250</separation>
		<positionangle>36</positionangle>
		<star>
			<name>HD 27442 A</name>
			<name>Epsilon Reticuli A</name>
			<mass>1.2</mass>
			<radius>6.6</radius>
			<magV>4.44</magV>
			<magR>3.62</magR>
			<magI>3.08</magI>
			<magB>5.517</magB>
			<magJ errorminus="0.24" errorplus="0.24">2.37</magJ>
			<magH errorminus="0.18" errorplus="0.18">1.81</magH>
			<magK errorminus="0.22" errorplus="0.22">1.75</magK>
			<metallicity>0.22</metallicity>
			<spectraltype>K2 IV a</spectraltype>
			<planet>
				<name>HD 27442 A b</name>
				<name>HD 27442 b</name>
				<name>Epsilon Reticuli A b</name>
				<list>Confirmed planets</list>
				<list>Planets in binary systems, S-type</list>
				<mass>1.35</mass>
				<period>415.2</period>
				<semimajoraxis>1.16</semimajoraxis>
				<eccentricity>0.058</eccentricity>
				<description>Epsilon Reticuli is a binary star system in the constellation of Reticulum. The secondary is a white dwarf star. The primary, an orange subgiant, is host to a Jupiter mass planet.</description>
				<discoverymethod>RV</discoverymethod>
				<lastupdate>12/12/07</lastupdate>
				<discoveryyear>2000</discoveryyear>
			</planet>
		</star>
		<star>
			<name>HD 27442 B</name>
			<name>Epsilon Reticuli B</name>
			<mass>0.75</mass>
		</star>
	</binary>
</system>
