<system>
	<name>HD 23596</name>
	<rightascension>03 48 00</rightascension>
	<declination>+40 31 50</declination>
	<distance>52</distance>
	<star>
		<mass>1.27</mass>
		<radius>2.09</radius>
		<magV>7.24</magV>
		<magJ errorminus="0.019" errorplus="0.019">6.173</magJ>
		<magH errorminus="0.021" errorplus="0.021">5.962</magH>
		<magK errorminus="0.023" errorplus="0.023">5.874</magK>
		<magB errorminus="0.02" errorplus="0.02">7.85</magB>
		<metallicity>0.32</metallicity>
		<spectraltype>F8</spectraltype>
		<planet>
			<name>HD 23596 b</name>
			<list>Confirmed planets</list>
			<mass>8.1</mass>
			<period>1565</period>
			<semimajoraxis>2.88</semimajoraxis>
			<eccentricity>0.292</eccentricity>
			<discoverymethod>RV</discoverymethod>
			<lastupdate>10/12/30</lastupdate>
			<discoveryyear>2002</discoveryyear>
			<temperature>220.0</temperature>
		</planet>
		<name>HD 23596</name>
		<temperature>5888.0</temperature>
	</star>
</system>
