<system>
	<name>HD 20794</name>
	<rightascension>03 19 55</rightascension>
	<declination>-43 30 10</declination>
	<distance>6.06</distance>
	<star>
		<mass>0.70</mass>
		<magV>4.26</magV>
		<magR>3.65</magR>
		<magI>3.25</magI>
		<magB errorminus="0.01" errorplus="0.01">4.97</magB>
		<magJ errorminus="0.262" errorplus="0.262">3.032</magJ>
		<magH errorminus="0.234" errorplus="0.234">2.709</magH>
		<magK errorminus="0.278" errorplus="0.278">2.636</magK>
		<metallicity>-0.40</metallicity>
		<spectraltype>G8V</spectraltype>
		<planet>
			<name>HD 20794 b</name>
			<list>Confirmed planets</list>
			<mass>0.0084933</mass>
			<period>18.315</period>
			<semimajoraxis>0.1207</semimajoraxis>
			<eccentricity>0.0</eccentricity>
			<description>The planetary system around the star HD 20794 consists of three super-Earths.</description>
			<discoverymethod>RV</discoverymethod>
			<lastupdate>11/08/18</lastupdate>
			<discoveryyear>2011</discoveryyear>
			<temperature>661.0</temperature>
		</planet>
		<planet>
			<name>HD 20794 c</name>
			<list>Confirmed planets</list>
			<mass>0.00754968</mass>
			<period>40.114</period>
			<semimajoraxis>0.2036</semimajoraxis>
			<eccentricity>0.0</eccentricity>
			<description>The planetary system around the star HD 20794 consists of three super-Earths. The planet HD 20794 c is the smallest planet signature detected so far (0.56 m/s) and might need further data to be confirmed.</description>
			<discoverymethod>RV</discoverymethod>
			<lastupdate>11/08/18</lastupdate>
			<discoveryyear>2011</discoveryyear>
			<temperature>508.9</temperature>
		</planet>
		<planet>
			<name>HD 20794 d</name>
			<list>Confirmed planets</list>
			<mass>0.015099</mass>
			<period>90.309</period>
			<semimajoraxis>0.3499</semimajoraxis>
			<eccentricity>0.0</eccentricity>
			<description>The planetary system around the star HD 20794 consists of three super-Earths.</description>
			<discoverymethod>RV</discoverymethod>
			<lastupdate>11/08/18</lastupdate>
			<discoveryyear>2011</discoveryyear>
			<temperature>388.2</temperature>
		</planet>
		<name>HD 20794</name>
		<temperature>5490.0</temperature>
	</star>
</system>
