<system>
	<name>HD 21693</name>
	<rightascension>03 27 12</rightascension>
	<declination>-58 19 25</declination>
	<distance>32.4</distance>
	<star>
		<magV>7.94</magV>
		<magB errorminus="0.016" errorplus="0.016">8.715</magB>
		<magR>8.00</magR>
		<magI errorminus="0.03" errorplus="0.03">8.61</magI>
		<magJ errorminus="0.019" errorplus="0.019">6.607</magJ>
		<magH errorminus="0.024" errorplus="0.024">6.288</magH>
		<magK errorminus="0.017" errorplus="0.017">6.193</magK>
		<spectraltype>G9IV</spectraltype>
		<planet>
			<name>HD 21693 b</name>
			<list>Confirmed planets</list>
			<mass>0.0322</mass>
			<period>22.656</period>
			<semimajoraxis>0.1484</semimajoraxis>
			<eccentricity>0.26</eccentricity>
			<description>This planet is part of a large data release by the Euopean HARP team.</description>
			<discoverymethod>RV</discoverymethod>
			<lastupdate>11/09/12</lastupdate>
			<discoveryyear>2011</discoveryyear>
			<temperature>581.9</temperature>
		</planet>
		<planet>
			<name>HD 21693 c</name>
			<list>Confirmed planets</list>
			<mass>0.06472</mass>
			<period>53.881</period>
			<semimajoraxis>0.2644</semimajoraxis>
			<eccentricity>0.24</eccentricity>
			<description>This planet is part of a large data release by the Euopean HARP team.</description>
			<discoverymethod>RV</discoverymethod>
			<lastupdate>11/09/12</lastupdate>
			<discoveryyear>2011</discoveryyear>
			<temperature>436.2</temperature>
		</planet>
		<name>HD 21693</name>
		<temperature>5940.0</temperature>
	</star>
</system>
