<system>
	<name>HD 24064</name>
	<rightascension>03 56 36.297</rightascension>
	<declination>+74 04 48.12</declination>
	<distance errorminus="31.2" errorplus="31.2">264.4</distance>
	<star>
		<name>HD 24064</name>
		<name>HIP 18451</name>
		<name>TYC 4339-2274-1</name>
		<name>BD+73 204</name>
		<name>PPM 5424</name>
		<name>2MASS J03563629+7404482</name>
		<magB errorminus="0.02" errorplus="0.02">8.23</magB>
		<magV errorminus="0.01" errorplus="0.01">6.72</magV>
		<magJ errorminus="0.294" errorplus="0.294">4.317</magJ>
		<magH errorminus="0.266" errorplus="0.266">3.432</magH>
		<magK errorminus="0.394" errorplus="0.394">3.130</magK>
		<mass errorminus="0.1" errorplus="0.1">1.0</mass>
		<radius errorminus="2.9" errorplus="2.9">38.0</radius>
		<temperature errorminus="22.5" errorplus="22.5">4052.5</temperature>
		<metallicity errorminus="0.06" errorplus="0.06">-0.49</metallicity>
		<spectraltype>K0</spectraltype>
		<planet>
			<name>HD 24064 b</name>
			<name>HIP 18451 b</name>
			<name>TYC 4339-2274-1 b</name>
			<name>BD+73 204 b</name>
			<name>PPM 5424 b</name>
			<name>2MASS J03563629+7404482 b</name>
			<list>Confirmed planets</list>
			<mass errorminus="1.3" errorplus="1.3" type="msini">9.4</mass>
			<period errorminus="3.0" errorplus="3.0">536.6</period>
			<periastrontime errorminus="11.8" errorplus="11.8">2455278.3</periastrontime>
			<semimajoraxis errorminus="0.05" errorplus="0.05">1.29</semimajoraxis>
			<eccentricity errorminus="0.08" errorplus="0.08">0.35</eccentricity>
			<description>This planet was detected by the Bohyunsan Optical Astronomy Observatory (BOAO) which searches for exoplanets at northern circumpolar stars.</description>
			<discoverymethod>RV</discoverymethod>
			<lastupdate>15/09/30</lastupdate>
			<discoveryyear>2015</discoveryyear>
		</planet>
	</star>
</system>
