<system>
	<name>HD 204313</name>
	<rightascension>21 28 12</rightascension>
	<declination>-21 43 35</declination>
	<distance>47.37</distance>
	<star>
		<mass>1.045</mass>
		<magV>7.99</magV>
		<magB errorminus="0.018" errorplus="0.018">8.696</magB>
		<magR>7.76</magR>
		<magJ errorminus="0.024" errorplus="0.024">6.812</magJ>
		<magH errorminus="0.040" errorplus="0.040">6.539</magH>
		<magK errorminus="0.018" errorplus="0.018">6.459</magK>
		<metallicity>0.18</metallicity>
		<spectraltype>G5V</spectraltype>
		<planet>
			<name>HD 204313 b</name>
			<list>Confirmed planets</list>
			<mass>3.55</mass>
			<period>1920.1</period>
			<semimajoraxis>3.04</semimajoraxis>
			<eccentricity>0.23</eccentricity>
			<discoverymethod>RV</discoverymethod>
			<lastupdate>12/05/22</lastupdate>
			<discoveryyear>2009</discoveryyear>
			<temperature>153.8</temperature>
		</planet>
		<planet>
			<name>HD 204313 c</name>
			<list>Confirmed planets</list>
			<mass>0.054</mass>
			<period>34.873</period>
			<semimajoraxis>0.2103</semimajoraxis>
			<eccentricity>0.17</eccentricity>
			<description>This planet is part of a large data release by the Euopean HARP team.</description>
			<discoverymethod>RV</discoverymethod>
			<lastupdate>11/09/12</lastupdate>
			<discoveryyear>2011</discoveryyear>
			<temperature>585.7</temperature>
		</planet>
		<planet>
			<name>HD 204313 d</name>
			<list>Confirmed planets</list>
			<mass>1.68</mass>
			<period>2831.6</period>
			<semimajoraxis>3.93</semimajoraxis>
			<eccentricity>0.28</eccentricity>
			<discoverymethod>RV</discoverymethod>
			<lastupdate>12/05/22</lastupdate>
			<discoveryyear>2012</discoveryyear>
			<temperature>135.1</temperature>
		</planet>
		<name>HD 204313</name>
		<temperature>5767.0</temperature>
	</star>
</system>
