<system>
	<name>HD 23127</name>
	<rightascension>03 39 24</rightascension>
	<declination>-60 04 40</declination>
	<distance>89.1</distance>
	<star>
		<mass>1.13</mass>
		<magV>8.58</magV>
		<magB errorminus="0.02" errorplus="0.02">9.26</magB>
		<magJ errorminus="0.019" errorplus="0.019">7.423</magJ>
		<magH errorminus="0.020" errorplus="0.020">7.182</magH>
		<magK errorminus="0.018" errorplus="0.018">7.087</magK>
		<metallicity>0.34</metallicity>
		<spectraltype>G2V</spectraltype>
		<planet>
			<name>HD 23127 b</name>
			<list>Confirmed planets</list>
			<mass>1.5</mass>
			<period>1214</period>
			<semimajoraxis>2.4</semimajoraxis>
			<eccentricity>0.44</eccentricity>
			<discoverymethod>RV</discoverymethod>
			<lastupdate>07/02/09</lastupdate>
			<discoveryyear>2007</discoveryyear>
			<temperature>205.3</temperature>
		</planet>
		<name>HD 23127</name>
		<temperature>5927.0</temperature>
	</star>
</system>
