<system>
	<name>HD 216435</name>
	<rightascension>22 53 37</rightascension>
	<declination>-48 35 53</declination>
	<distance>33.3</distance>
	<star>
		<mass>1.3</mass>
		<radius>2</radius>
		<magV>6.03</magV>
		<magB>6.66</magB>
		<magJ>5.008</magJ>
		<magH>4.687</magH>
		<magK errorminus="0.020" errorplus="0.020">4.612</magK>
		<metallicity>0.244</metallicity>
		<spectraltype>G0 V</spectraltype>
		<planet>
			<name>HD 216435 b</name>
			<list>Confirmed planets</list>
			<mass>1.26</mass>
			<period>1311</period>
			<semimajoraxis>2.56</semimajoraxis>
			<eccentricity>0.07</eccentricity>
			<discoverymethod>RV</discoverymethod>
			<lastupdate>09/10/06</lastupdate>
			<discoveryyear>2002</discoveryyear>
			<temperature>224.7</temperature>
		</planet>
		<name>HD 216435</name>
		<temperature>5767.0</temperature>
	</star>
</system>
