<system>
	<name>HD 2952</name>
	<name>HR 135</name>
	<rightascension>00 33 10</rightascension>
	<declination>+54 53 41</declination>
	<distance>115</distance>
	<star>
		<magB>6.961</magB>
		<magV>5.930</magV>
		<magJ errorminus="0.270" errorplus="0.270">4.264</magJ>
		<magH errorminus="0.210" errorplus="0.210">3.779</magH>
		<magK errorminus="0.246" errorplus="0.246">3.629</magK>
		<name>HD 2952</name>
		<name>HR 135</name>
		<mass>2.5</mass>
		<radius>12.02</radius>
		<temperature>4844</temperature>
		<metallicity>0.00</metallicity>
		<spectraltype>K0III</spectraltype>
		<planet>
			<name>HD 2952 b</name>
			<name>HR 135 b</name>
			<list>Confirmed planets</list>
			<mass>1.6</mass>
			<period>311.6</period>
			<semimajoraxis>1.2</semimajoraxis>
			<eccentricity>0.129</eccentricity>
			<periastron>64</periastron>
			<description>The planet HD 2952 b is orbiting an evolved intermediate-mass star. The radial velocity measurements were taken at the Okaya Astrophysical Observatory.</description>
			<discoverymethod>RV</discoverymethod>
			<lastupdate>13/04/17</lastupdate>
			<discoveryyear>2013</discoveryyear>
		</planet>
	</star>
</system>
