<system>
	<name>HD 2039</name>
	<rightascension>00 24 20</rightascension>
	<declination>-56 39 00</declination>
	<distance>89.8</distance>
	<star>
		<mass>0.98</mass>
		<radius>1.21</radius>
		<magV>9.01</magV>
		<magJ errorminus="0.019" errorplus="0.019">7.912</magJ>
		<magH errorminus="0.059" errorplus="0.059">7.652</magH>
		<magK errorminus="0.026" errorplus="0.026">7.549</magK>
		<magB errorminus="0.02" errorplus="0.02">9.65</magB>
		<metallicity>0.1</metallicity>
		<spectraltype>G2/G3 IV-V</spectraltype>
		<planet>
			<name>HD 2039 b</name>
			<list>Confirmed planets</list>
			<mass>4.9</mass>
			<period>1183</period>
			<semimajoraxis>2.2</semimajoraxis>
			<eccentricity>0.67</eccentricity>
			<discoverymethod>RV</discoverymethod>
			<lastupdate>09/10/07</lastupdate>
			<discoveryyear>2002</discoveryyear>
			<temperature>188.3</temperature>
		</planet>
		<name>HD 2039</name>
		<temperature>5947.0</temperature>
	</star>
</system>
