<system>
	<name>HD 215456</name>
	<rightascension>22 46 08</rightascension>
	<declination>-48 58 04</declination>
	<distance>38</distance>
	<star>
		<magV>6.63</magV>
		<magB errorminus="0.01" errorplus="0.01">7.26</magB>
		<magR>6.86</magR>
		<magI errorminus="0.10" errorplus="0.10">8.66</magI>
		<magJ errorminus="0.021" errorplus="0.021">5.458</magJ>
		<magH errorminus="0.027" errorplus="0.027">5.207</magH>
		<magK errorminus="0.026" errorplus="0.026">5.098</magK>
		<spectraltype>G0.5V</spectraltype>
		<planet>
			<name>HD 215456 b</name>
			<list>Confirmed planets</list>
			<mass>0.101</mass>
			<period>191.99</period>
			<semimajoraxis>0.652</semimajoraxis>
			<eccentricity>0.15</eccentricity>
			<description>This planet is part of a large data release by the Euopean HARP team.</description>
			<discoverymethod>RV</discoverymethod>
			<lastupdate>11/09/12</lastupdate>
			<discoveryyear>2011</discoveryyear>
			<temperature>407.7</temperature>
		</planet>
		<planet>
			<name>HD 215456 c</name>
			<list>Confirmed planets</list>
			<mass>0.246</mass>
			<period>2277</period>
			<semimajoraxis>3.394</semimajoraxis>
			<eccentricity>0.19</eccentricity>
			<description>This planet is part of a large data release by the Euopean HARP team.</description>
			<discoverymethod>RV</discoverymethod>
			<lastupdate>11/09/12</lastupdate>
			<discoveryyear>2011</discoveryyear>
			<temperature>178.5</temperature>
		</planet>
		<name>HD 215456</name>
		<temperature>5940.0</temperature>
	</star>
</system>
