<system>
	<name>HD 219077</name>
	<rightascension>23 14 07</rightascension>
	<declination>-62 42 00</declination>
	<distance>29</distance>
	<star>
		<name>HD 219077</name>
		<magV>6.12</magV>
		<magB>6.91</magB>
		<magJ errorminus="0.192" errorplus="0.192">4.640</magJ>
		<magH errorminus="0.138" errorplus="0.138">4.124</magH>
		<magK errorminus="8.888" errorplus="8.888">4.287</magK>
		<spectraltype>G8 V+</spectraltype>
		<age>8.9</age>
		<mass>1.05</mass>
		<radius>1.91</radius>
		<metallicity>-0.13</metallicity>
		<planet>
			<name>HD 219077 b</name>
			<list>Confirmed planets</list>
			<mass>10.39</mass>
			<period>5501</period>
			<eccentricity>0.770</eccentricity>
			<periastron>57.61</periastron>
			<semimajoraxis>6.22</semimajoraxis>
			<discoverymethod>RV</discoverymethod>
			<lastupdate>12/11/29</lastupdate>
			<discoveryyear>2012</discoveryyear>
			<temperature>124.9</temperature>
		</planet>
		<temperature>5362.0</temperature>
	</star>
</system>
