<system>
	<name>HD 220773</name>
	<rightascension>23 26 27</rightascension>
	<declination>+08 38 38</declination>
	<distance>49</distance>
	<star>
		<mass>1.16</mass>
		<magV>7.09</magV>
		<magB errorminus="0.016" errorplus="0.016">7.708</magB>
		<magR>6.97</magR>
		<magI>6.4</magI>
		<magJ errorminus="0.020" errorplus="0.020">6.001</magJ>
		<magH errorminus="0.033" errorplus="0.033">5.712</magH>
		<magK errorminus="0.017" errorplus="0.017">5.651</magK>
		<metallicity>0.09</metallicity>
		<spectraltype>F9</spectraltype>
		<planet>
			<name>HD 220773 b</name>
			<list>Confirmed planets</list>
			<mass>1.45</mass>
			<period>3724.7</period>
			<semimajoraxis>4.94</semimajoraxis>
			<eccentricity>0.51</eccentricity>
			<description>The Jovian planet HD 220773b is orbiting an F9-type star. It has a predicted displacement of 0.242mas and might be an interesting target for astrometry.</description>
			<discoverymethod>RV</discoverymethod>
			<lastupdate>12/02/04</lastupdate>
			<discoveryyear>2012</discoveryyear>
			<temperature>145.8</temperature>
		</planet>
		<name>HD 220773</name>
		<temperature>5940.0</temperature>
	</star>
</system>
