<system>
	<name>HD 38283</name>
	<rightascension>05 37 02</rightascension>
	<declination>-73 41 58</declination>
	<distance>37.7</distance>
	<star>
		<mass>1.085</mass>
		<magV>6.7</magV>
		<magB errorminus="0.01" errorplus="0.01">7.26</magB>
		<magI errorminus="0.02" errorplus="0.02">8.35</magI>
		<magJ errorminus="0.018" errorplus="0.018">5.645</magJ>
		<magH errorminus="0.044" errorplus="0.044">5.339</magH>
		<magK errorminus="0.026" errorplus="0.026">5.267</magK>
		<metallicity>-0.24</metallicity>
		<spectraltype>F9.5V</spectraltype>
		<planet>
			<name>HD 38283 b</name>
			<list>Confirmed planets</list>
			<mass>0.34</mass>
			<period>363.2</period>
			<semimajoraxis>1.02</semimajoraxis>
			<eccentricity>0.41</eccentricity>
			<discoverymethod>RV</discoverymethod>
			<lastupdate>11/04/13</lastupdate>
			<discoveryyear>2011</discoveryyear>
			<temperature>309.9</temperature>
		</planet>
		<name>HD 38283</name>
		<temperature>5945.0</temperature>
	</star>
</system>
