<system>
	<name>HD 30562</name>
	<rightascension>04 48 36</rightascension>
	<declination>-05 40 27</declination>
	<distance>26.5</distance>
	<star>
		<name>HD 30562</name>
		<mass>1.23</mass>
		<radius>1.53</radius>
		<magV>5.77</magV>
		<magB>6.40</magB>
		<magJ errorminus="0.26" errorplus="0.26">4.98</magJ>
		<magH errorminus="0.27" errorplus="0.27">4.57</magH>
		<magK>4.310</magK>
		<metallicity>0.29</metallicity>
		<age>3.6</age>
		<spectraltype>F8V</spectraltype>
		<planet>
			<name>HD 30562 b</name>
			<list>Confirmed planets</list>
			<mass>1.373</mass>
			<period>1159</period>
			<semimajoraxis>2.315</semimajoraxis>
			<eccentricity>0.778</eccentricity>
			<periastron>78.4</periastron>
			<discoverymethod>RV</discoverymethod>
			<lastupdate>12/11/29</lastupdate>
			<discoveryyear>2009</discoveryyear>
			<temperature>208.7</temperature>
		</planet>
		<temperature>5861.0</temperature>
	</star>
</system>
