<system>
	<name>HD 31527</name>
	<rightascension>04 55 38</rightascension>
	<declination>-23 14 31</declination>
	<distance>38.6</distance>
	<star>
		<magV>7.48</magV>
		<magB errorminus="0.016" errorplus="0.016">8.071</magB>
		<magR errorminus="0.18" errorplus="0.18">7.24</magR>
		<magI errorminus="0.03" errorplus="0.03">8.88</magI>
		<magJ errorminus="0.024" errorplus="0.024">6.373</magJ>
		<magH errorminus="0.029" errorplus="0.029">6.048</magH>
		<magK errorminus="0.018" errorplus="0.018">6.049</magK>
		<spectraltype>G0V</spectraltype>
		<planet>
			<name>HD 31527 b</name>
			<list>Confirmed planets</list>
			<mass>0.0363</mass>
			<period>16.546</period>
			<semimajoraxis>0.1253</semimajoraxis>
			<eccentricity>0.13</eccentricity>
			<description>This planet is part of a large data release by the Euopean HARP team.</description>
			<discoverymethod>RV</discoverymethod>
			<lastupdate>11/09/12</lastupdate>
			<discoveryyear>2011</discoveryyear>
			<temperature>770.9</temperature>
		</planet>
		<planet>
			<name>HD 31527 c</name>
			<list>Confirmed planets</list>
			<mass>0.0498</mass>
			<period>51.284</period>
			<semimajoraxis>0.2665</semimajoraxis>
			<eccentricity>0.11</eccentricity>
			<description>This planet is part of a large data release by the Euopean HARP team.</description>
			<discoverymethod>RV</discoverymethod>
			<lastupdate>11/09/12</lastupdate>
			<discoveryyear>2011</discoveryyear>
			<temperature>528.8</temperature>
		</planet>
		<planet>
			<name>HD 31527 d</name>
			<list>Confirmed planets</list>
			<mass>0.0519</mass>
			<period>274.49</period>
			<semimajoraxis>0.8181</semimajoraxis>
			<eccentricity>0.38</eccentricity>
			<description>This planet is part of a large data release by the Euopean HARP team.</description>
			<discoverymethod>RV</discoverymethod>
			<lastupdate>11/09/12</lastupdate>
			<discoveryyear>2011</discoveryyear>
			<temperature>299.2</temperature>
		</planet>
		<name>HD 31527</name>
		<temperature>5940.0</temperature>
	</star>
</system>
