<system>
	<name>HD 38858</name>
	<rightascension>05 48 35</rightascension>
	<declination>-04 05 41</declination>
	<distance>15.2</distance>
	<star>
		<magV>5.97</magV>
		<magB errorminus="0.01" errorplus="0.01">6.59</magB>
		<magJ errorminus="0.294" errorplus="0.294">5.260</magJ>
		<magH errorminus="0.076" errorplus="0.076">4.595</magH>
		<magK errorminus="0.015" errorplus="0.015">4.405</magK>
		<spectraltype>G4V</spectraltype>
		<planet>
			<name>HD 38858 b</name>
			<list>Retracted planet candidate</list>
			<mass>0.0961</mass>
			<period>407.15</period>
			<semimajoraxis>1.0376</semimajoraxis>
			<eccentricity>0.27</eccentricity>
			<description>The planet candidate HD 38858 b has been shown to be an alias of the stellar magnetic cycle, which lasts 2930 days.</description>
			<discoverymethod>RV</discoverymethod>
			<lastupdate>15/03/13</lastupdate>
			<discoveryyear>2011</discoveryyear>
			<temperature>237.2</temperature>
		</planet>
		<name>HD 38858</name>
		<temperature>5940.0</temperature>
	</star>
</system>
