<system>
	<name>HD 33844</name>
	<rightascension>05 12 36.10097</rightascension>
	<declination>-14 57 04.0084</declination>
	<distance errorminus="6.5" errorplus="6.5">100.9</distance>
	<star>
		<name>HD 33844</name>
		<name>HIP 24275</name>
		<name>TYC 5342-401-1</name>
		<name>SAO 150228</name>
		<name>BD-15 971</name>
		<name>2MASS J05123609-1457039</name>
		<magB errorminus="0.02" errorplus="0.02">8.33</magB>
		<magV errorminus="0.01" errorplus="0.01">7.29</magV>
		<magJ errorminus="0.018" errorplus="0.018">5.574</magJ>
		<magH errorminus="0.044" errorplus="0.044">5.132</magH>
		<magK errorminus="0.018" errorplus="0.018">4.945</magK>
		<spectraltype>K0 III</spectraltype>
		<mass errorminus="0.18" errorplus="0.18">1.78</mass>
		<metallicity errorminus="0.09" errorplus="0.09">0.27</metallicity>
		<temperature errorminus="100" errorplus="100">4861</temperature>
		<radius errorminus="0.41" errorplus="0.41">5.29</radius>
		<age errorminus="0.48" errorplus="0.76">1.88</age>
		<planet>
			<name>HD 33844 b</name>
			<period errorminus="6.4" errorplus="6.4">547.9</period>
			<eccentricity errorminus="0.07" errorplus="0.07">0.16</eccentricity>
			<periastron errorminus="62" errorplus="62">190</periastron>
			<periastrontime errorminus="50" errorplus="50">2454578</periastrontime>
			<mass errorminus="0.11" errorplus="0.11" type="msini">1.92</mass>
			<semimajoraxis errorminus="0.01" errorplus="0.01">1.59</semimajoraxis>
			<discoverymethod>RV</discoverymethod>
			<discoveryyear>2015</discoveryyear>
			<description>The HD 33844 system consists of a pair of super-jovian planets in or close to the 3:5 resonance orbiting a red giant star.</description>
			<lastupdate>15/12/28</lastupdate>
			<list>Confirmed planets</list>
		</planet>
		<planet>
			<name>HD 33844 c</name>
			<period errorminus="32.5" errorplus="32.5">924.3</period>
			<eccentricity errorminus="0.08" errorplus="0.08">0.09</eccentricity>
			<periastron errorminus="30" errorplus="30">5</periastron>
			<periastrontime errorminus="281" errorplus="281">2454356</periastrontime>
			<mass errorminus="0.16" errorplus="0.16" type="msini">1.68</mass>
			<semimajoraxis errorminus="0.03" errorplus="0.03">2.25</semimajoraxis>
			<discoverymethod>RV</discoverymethod>
			<discoveryyear>2015</discoveryyear>
			<description>The HD 33844 system consists of a pair of super-jovian planets in or close to the 3:5 resonance orbiting a red giant star.</description>
			<lastupdate>15/12/28</lastupdate>
			<list>Confirmed planets</list>
		</planet>
	</star>
</system>
