<system>
	<name>HD 33564</name>
	<rightascension>05 22 33</rightascension>
	<declination>+79 13 52</declination>
	<distance>20.98</distance>
	<star>
		<mass>1.25</mass>
		<radius>1.1</radius>
		<magV>5.08</magV>
		<magB>5.547</magB>
		<magR>4.8</magR>
		<magI>4.6</magI>
		<magJ errorminus="0.278" errorplus="0.278">4.416</magJ>
		<magH errorminus="0.276" errorplus="0.276">4.201</magH>
		<magK errorminus="0.020" errorplus="0.020">3.911</magK>
		<metallicity>-0.12</metallicity>
		<spectraltype>F6 V</spectraltype>
		<planet>
			<name>HD 33564 b</name>
			<list>Confirmed planets</list>
			<mass>9.1</mass>
			<period>388</period>
			<semimajoraxis>1.1</semimajoraxis>
			<eccentricity>0.34</eccentricity>
			<discoverymethod>RV</discoverymethod>
			<lastupdate>10/12/23</lastupdate>
			<discoveryyear>2005</discoveryyear>
			<temperature>273.5</temperature>
		</planet>
		<name>HD 33564</name>
		<temperature>6250.0</temperature>
	</star>
</system>
