<system>
	<name>HD 38801</name>
	<rightascension>05 47 59</rightascension>
	<declination>-08 19 40</declination>
	<distance>99.4</distance>
	<star>
		<mass>1.36</mass>
		<radius>2.53</radius>
		<magV>8.26</magV>
		<magB errorminus="0.02" errorplus="0.02">9.14</magB>
		<magJ errorminus="0.023" errorplus="0.023">6.800</magJ>
		<magH errorminus="0.038" errorplus="0.038">6.372</magH>
		<magK errorminus="0.020" errorplus="0.020">6.279</magK>
		<metallicity>0.26</metallicity>
		<spectraltype>K0IV</spectraltype>
		<planet>
			<name>HD 38801 b</name>
			<list>Confirmed planets</list>
			<mass>10.7</mass>
			<period>696.3</period>
			<semimajoraxis>1.7</semimajoraxis>
			<eccentricity>0.0</eccentricity>
			<discoverymethod>RV</discoverymethod>
			<lastupdate>10/12/15</lastupdate>
			<discoveryyear>2010</discoveryyear>
			<temperature>280.9</temperature>
		</planet>
		<name>HD 38801</name>
		<temperature>5222.0</temperature>
	</star>
</system>
