<system>
	<name>HD 39194</name>
	<rightascension>05 44 32</rightascension>
	<declination>-70 08 37</declination>
	<distance>25.9</distance>
	<star>
		<magV>8.08</magV>
		<magB errorminus="0.018" errorplus="0.018">8.841</magB>
		<magJ errorminus="0.021" errorplus="0.021">6.598</magJ>
		<magH errorminus="0.031" errorplus="0.031">6.212</magH>
		<magK errorminus="0.020" errorplus="0.020">6.094</magK>
		<spectraltype>K0V</spectraltype>
		<planet>
			<name>HD 39194 b</name>
			<list>Confirmed planets</list>
			<mass>0.0117</mass>
			<period>5.6363</period>
			<semimajoraxis>0.0519</semimajoraxis>
			<eccentricity>0.2</eccentricity>
			<description>This planet is part of a large data release by the Euopean HARP team.</description>
			<discoverymethod>RV</discoverymethod>
			<lastupdate>11/09/12</lastupdate>
			<discoveryyear>2011</discoveryyear>
			<temperature>881.3</temperature>
		</planet>
		<planet>
			<name>HD 39194 c</name>
			<list>Confirmed planets</list>
			<mass>0.0187</mass>
			<period>14.025</period>
			<semimajoraxis>0.0954</semimajoraxis>
			<eccentricity>0.11</eccentricity>
			<description>This planet is part of a large data release by the Euopean HARP team.</description>
			<discoverymethod>RV</discoverymethod>
			<lastupdate>11/09/12</lastupdate>
			<discoveryyear>2011</discoveryyear>
			<temperature>651.2</temperature>
		</planet>
		<planet>
			<name>HD 39194 d</name>
			<list>Confirmed planets</list>
			<mass>0.0162</mass>
			<period>33.941</period>
			<semimajoraxis>0.172</semimajoraxis>
			<eccentricity>0.2</eccentricity>
			<description>This planet is part of a large data release by the Euopean HARP team.</description>
			<discoverymethod>RV</discoverymethod>
			<lastupdate>11/09/12</lastupdate>
			<discoveryyear>2011</discoveryyear>
			<temperature>484.1</temperature>
		</planet>
		<name>HD 39194</name>
		<temperature>5150.0</temperature>
	</star>
</system>
