<system>
	<name>HD 38529</name>
	<rightascension>05 46 34</rightascension>
	<declination>+01 10 05</declination>
	<distance>39.28</distance>
	<binary>
		<separation unit="arcsec">284</separation>
		<separation unit="AU">11200</separation>
		<positionangle>305</positionangle>
		<star>
			<name>HD 38529 A</name>
			<name>138 G. Orionis A</name>
			<mass>1.48</mass>
			<radius>2.44</radius>
			<magV>5.94</magV>
			<magB>6.684</magB>
			<magR>5.4</magR>
			<magI>5.1</magI>
			<magJ>4.91</magJ>
			<magH>4.38</magH>
			<magK>4.21</magK>
			<metallicity>0.27</metallicity>
			<spectraltype>G4 IV</spectraltype>
			<planet>
				<name>HD 38529 A b</name>
				<name>138 G. Orionis A b</name>
				<name>HD 38529 b</name>
				<list>Confirmed planets</list>
				<mass>0.78</mass>
				<period>14.3104</period>
				<semimajoraxis>0.131</semimajoraxis>
				<eccentricity>0.248</eccentricity>
				<inclination>57</inclination>
				<description>The star system HD 38529 contains a yellow subgiant (the planet hosting star) and a red dwarf. The binary separation is 12000 astronomical units. A debris disc has been detected around the planet hosting star beyond 86 astronomical units.</description>
				<discoverymethod>RV</discoverymethod>
				<lastupdate>12/12/08</lastupdate>
				<discoveryyear>2000</discoveryyear>
				<list>Planets in binary systems, S-type</list>
			</planet>
			<planet>
				<name>HD 38529 A c</name>
				<name>138 G. Orionis A c</name>
				<name>HD 38529 c</name>
				<list>Confirmed planets</list>
				<mass>17.7</mass>
				<period>2134.76</period>
				<semimajoraxis>3.695</semimajoraxis>
				<eccentricity>0.36</eccentricity>
				<inclination>48.3</inclination>
				<discoverymethod>RV</discoverymethod>
				<description>The star system HD 38529 contains a yellow subgiant (the planet hosting star) and a red dwarf. The binary separation is 12000 astronomical units. A debris disc has been detected around the planet hosting star beyond 86 astronomical units.</description>
				<lastupdate>12/12/08</lastupdate>
				<discoveryyear>2002</discoveryyear>
				<list>Planets in binary systems, S-type</list>
			</planet>
		</star>
		<star>
			<name>HD 38529 B</name>
			<mass>0.5</mass>
			<spectraltype>M3.0V</spectraltype>
		</star>
	</binary>
</system>
