<system>
	<name>HD 39091</name>
	<rightascension>05 37 09</rightascension>
	<declination>-80 28 08</declination>
	<distance>18.32</distance>
	<star>
		<mass>1.1</mass>
		<radius>2.1</radius>
		<magV>5.67</magV>
		<magB>6.25</magB>
		<magJ errorminus="0.27" errorplus="0.27">4.87</magJ>
		<magH errorminus="0.23" errorplus="0.23">4.42</magH>
		<magK errorminus="0.027" errorplus="0.027">4.241</magK>
		<metallicity>0.09</metallicity>
		<spectraltype>G1 IV</spectraltype>
		<planet>
			<name>HD 39091 b</name>
			<list>Confirmed planets</list>
			<mass>10.3</mass>
			<period>2049</period>
			<semimajoraxis>3.28</semimajoraxis>
			<eccentricity>0.61</eccentricity>
			<discoverymethod>RV</discoverymethod>
			<lastupdate>11/01/01</lastupdate>
			<discoveryyear>2001</discoveryyear>
			<temperature>202.4</temperature>
		</planet>
		<name>HD 39091</name>
		<temperature>5888.0</temperature>
	</star>
</system>
