<system>
	<name>HD 30177</name>
	<rightascension>04 41 54</rightascension>
	<declination>-58 01 14</declination>
	<distance>55</distance>
	<star>
		<mass>0.95</mass>
		<radius>1.12</radius>
		<magV>8.41</magV>
		<magJ errorminus="0.035" errorplus="0.035">7.15</magJ>
		<magH errorminus="0.053" errorplus="0.053">6.829</magH>
		<magK errorminus="0.027" errorplus="0.027">6.715</magK>
		<magB errorminus="0.02" errorplus="0.02">9.18</magB>
		<metallicity>0.19</metallicity>
		<spectraltype>G8 V</spectraltype>
		<planet>
			<name>HD 30177 b</name>
			<list>Confirmed planets</list>
			<mass>7.7</mass>
			<period>1620</period>
			<semimajoraxis>2.6</semimajoraxis>
			<eccentricity>0.22</eccentricity>
			<discoverymethod>RV</discoverymethod>
			<lastupdate>10/12/31</lastupdate>
			<discoveryyear>2002</discoveryyear>
			<temperature>153.5</temperature>
		</planet>
		<name>HD 30177</name>
		<temperature>5320.0</temperature>
	</star>
</system>
