<system>
	<name>HD 37124</name>
	<rightascension>05 37 02</rightascension>
	<declination>+20 43 50</declination>
	<distance>33</distance>
	<star>
		<mass>0.83</mass>
		<radius>0.82</radius>
		<magV>7.68</magV>
		<magB>8.35</magB>
		<magR>7.2</magR>
		<magI>6.9</magI>
		<magJ errorminus="0.020" errorplus="0.020">6.359</magJ>
		<magH errorminus="0.024" errorplus="0.024">6.021</magH>
		<magK errorminus="0.016" errorplus="0.016">5.952</magK>
		<metallicity>-0.442</metallicity>
		<spectraltype>G4 V</spectraltype>
		<planet>
			<name>HD 37124 b</name>
			<list>Confirmed planets</list>
			<mass>0.675</mass>
			<period>154.378</period>
			<semimajoraxis>0.53364</semimajoraxis>
			<eccentricity>0.054</eccentricity>
			<discoverymethod>RV</discoverymethod>
			<lastupdate>11/01/07</lastupdate>
			<discoveryyear>1999</discoveryyear>
			<temperature>306.6</temperature>
		</planet>
		<planet>
			<name>HD 37124 c</name>
			<list>Confirmed planets</list>
			<mass>0.652</mass>
			<period>885.5</period>
			<semimajoraxis>1.71</semimajoraxis>
			<eccentricity>0.125</eccentricity>
			<discoverymethod>RV</discoverymethod>
			<lastupdate>11/01/07</lastupdate>
			<discoveryyear>2005</discoveryyear>
			<temperature>171.1</temperature>
		</planet>
		<planet>
			<name>HD 37124 d</name>
			<list>Confirmed planets</list>
			<mass>0.696</mass>
			<period>1862</period>
			<semimajoraxis>2.807</semimajoraxis>
			<eccentricity>0.16</eccentricity>
			<discoverymethod>RV</discoverymethod>
			<lastupdate>11/01/07</lastupdate>
			<discoveryyear>2003</discoveryyear>
			<temperature>133.5</temperature>
		</planet>
		<name>HD 37124</name>
		<temperature>5610.0</temperature>
	</star>
</system>
