<system>
	<name>HD 33142</name>
	<rightascension>05 07 35.54</rightascension>
	<declination>-13 59 11.3</declination>
	<distance>126</distance>
	<star>
		<mass>1.48</mass>
		<radius>4.2</radius>
		<magV>8.13</magV>
		<magB errorminus="0.018" errorplus="0.018">8.905</magB>
		<magJ errorminus="0.018" errorplus="0.018">6.345</magJ>
		<magH errorminus="0.034" errorplus="0.034">5.903</magH>
		<magK errorminus="0.018" errorplus="0.018">5.792</magK>
		<metallicity>0.05</metallicity>
		<spectraltype>K0</spectraltype>
		<planet>
			<name>HD 33142 b</name>
			<list>Confirmed planets</list>
			<mass>1.3</mass>
			<period>326.6</period>
			<semimajoraxis>1.06</semimajoraxis>
			<eccentricity>0</eccentricity>
			<description>The star HD 33142 hosts a Jupiter-like planet. It was discovered as part of a Doppler survey at the Keck Observatory.</description>
			<discoverymethod>RV</discoverymethod>
			<lastupdate>12/07/24</lastupdate>
			<discoveryyear>2011</discoveryyear>
			<temperature>442.1</temperature>
		</planet>
		<name>HD 33142</name>
		<temperature>5052.0</temperature>
	</star>
</system>
