<system>
	<name>HD 39392</name>
	<rightascension>05 53 19</rightascension>
	<declination>+22 04 20</declination>
	<star>
		<mass errorminus="0.08" errorplus="0.08">1.08</mass>
		<magV>8.38</magV>
		<magJ errorminus="0.023" errorplus="0.023">7.280</magJ>
		<magH errorminus="0.033" errorplus="0.033">7.012</magH>
		<magK errorminus="0.021" errorplus="0.021">6.946</magK>
		<magB errorminus="0.02" errorplus="0.02">8.94</magB>
		<metallicity errorminus="0.03" errorplus="0.03">-0.32</metallicity>
		<spectraltype>F8</spectraltype>
		<planet>
			<name>HD 39392 b</name>
			<mass errorminus="0.08" errorplus="0.08">13.2</mass>
			<period errorminus="1.2" errorplus="1.4">394.3</period>
			<eccentricity errorminus="0.008" errorplus="0.008">0.394</eccentricity>
			<semimajoraxis errorminus="0.03" errorplus="0.03">0.11</semimajoraxis>
			<list>Controversial</list>
			<discoverymethod>RV</discoverymethod>
			<lastupdate>16/03/02</lastupdate>
			<discoveryyear>2016</discoveryyear>
		</planet>
		<name>HD 39392</name>
		<temperature errorminus="42" errorplus="42">5951</temperature>
	</star>
</system>
