<system>
	<name>HD 32963</name>
	<rightascension>05 07 55.76384</rightascension>
	<declination>+26 19 40.6623</declination>
	<distance errorminus="0.95" errorplus="0.95">36.39</distance>
	<star>
		<name>HD 32963</name>
		<name>HIP 23884</name>
		<name>TYC 1853-1187-1</name>
		<name>SAO 76970</name>
		<name>BD+26 789</name>
		<name>2MASS J05075576+2619408</name>
		<magB>8.22</magB>
		<magV>7.59</magV>
		<magJ errorminus="0.023" errorplus="0.023">6.420</magJ>
		<magH errorminus="0.018" errorplus="0.018">6.098</magH>
		<magK errorminus="0.016" errorplus="0.016">6.024</magK>
		<spectraltype>G3V</spectraltype>
		<temperature errorminus="32" errorplus="32">5727</temperature>
		<metallicity errorminus="0.05" errorplus="0.05">0.11</metallicity>
		<age errorminus="3.55" errorplus="6.71">4.99</age>
		<mass>0.94</mass>
		<planet>
			<name>HD 32963 b</name>
			<period errorminus="26" errorplus="26">2372</period>
			<mass errorminus="0.03" errorplus="0.03" type="msini">0.70</mass>
			<eccentricity errorminus="0.04" errorplus="0.04">0.07</eccentricity>
			<periastron errorminus="35" errorplus="35">107</periastron>
			<semimajoraxis errorminus="0.02" errorplus="0.02">3.41</semimajoraxis>
			<periastrontime errorminus="324" errorplus="324">2450532</periastrontime>
			<discoverymethod>RV</discoverymethod>
			<discoveryyear>2015</discoveryyear>
			<description>HD 32963 b is a Jupiter-analogue planet orbiting a G-type star.</description>
			<lastupdate>15/12/18</lastupdate>
			<list>Confirmed planets</list>
		</planet>
	</star>
</system>
