<system>
	<name>HD 40979</name>
	<rightascension>06 04 29</rightascension>
	<declination>+44 15 37</declination>
	<distance>33.3</distance>
	<binary>
		<separation unit="arcsec">192</separation>
		<separation unit="AU">6394</separation>
		<positionangle>290</positionangle>
		<star>
			<name>HD 40979 A</name>
			<name>HIP 28767 A</name>
			<name>2MASS J06042993+4415379 A</name>
			<name>BD +44 1353</name>
			<mass>1.1</mass>
			<radius>1.21</radius>
			<magV>6.74</magV>
			<magB errorminus="0.01" errorplus="0.01">7.29</magB>
			<magR>6.4</magR>
			<magI>6.1</magI>
			<magJ>5.74</magJ>
			<magH>5.51</magH>
			<magK>5.45</magK>
			<age>1</age>
			<metallicity>0.194</metallicity>
			<spectraltype>F8 V</spectraltype>
			<planet>
				<name>HD 40979 A b</name>
				<name>HIP 28767 A b</name>
				<name>HD 40979 b</name>
				<name>2MASS J06042993+4415379 A b</name>
				<list>Confirmed planets</list>
				<list>Planets in binary systems, S-type</list>
				<mass>3.28</mass>
				<period>263.1</period>
				<semimajoraxis>0.83</semimajoraxis>
				<eccentricity>0.25</eccentricity>
				<discoverymethod>RV</discoverymethod>
				<description>This planet is orbiting a yellow-white dwarf star which is part of a triple system.</description>
				<lastupdate>12/12/08</lastupdate>
				<discoveryyear>2002</discoveryyear>
			</planet>
		</star>
		<binary>
			<semimajoraxis>129</semimajoraxis>
			<star>
				<name>HD 40979 B</name>
				<name>BD +44 1351</name>
				<mass>0.833</mass>
				<age>1</age>
				<spectraltype>K5</spectraltype>
			</star>
			<star>
				<name>HD 40979 C</name>
				<mass>0.380</mass>
				<age>1</age>
			</star>
		</binary>
	</binary>
</system>
