<system>
	<name>HD 4308</name>
	<rightascension>00 44 39</rightascension>
	<declination>-65 38 58</declination>
	<distance>21.9</distance>
	<star>
		<mass>0.85</mass>
		<radius>0.92</radius>
		<magV>6.54</magV>
		<magB>7.193</magB>
		<magJ errorminus="0.024" errorplus="0.024">5.366</magJ>
		<magH errorminus="0.016" errorplus="0.016">5.101</magH>
		<magK errorminus="0.020" errorplus="0.020">4.945</magK>
		<metallicity>-0.34</metallicity>
		<spectraltype>G5 V</spectraltype>
		<planet>
			<name>HD 4308 b</name>
			<list>Confirmed planets</list>
			<mass>0.0405</mass>
			<period>15.609</period>
			<semimajoraxis>0.118</semimajoraxis>
			<eccentricity>0.27</eccentricity>
			<discoverymethod>RV</discoverymethod>
			<lastupdate>09/06/30</lastupdate>
			<discoveryyear>2005</discoveryyear>
			<temperature>685.9</temperature>
		</planet>
		<name>HD 4308</name>
		<temperature>5597.0</temperature>
	</star>
</system>
