<system>
	<name>HD 4313</name>
	<rightascension>00 45 40</rightascension>
	<declination>+07 50 42</declination>
	<distance>137</distance>
	<star>
		<mass>1.72</mass>
		<radius>4.9</radius>
		<magV>7.83</magV>
		<magB errorminus="0.020" errorplus="0.020">8.788</magB>
		<magJ errorminus="0.023" errorplus="0.023">6.159</magJ>
		<magH errorminus="0.044" errorplus="0.044">5.774</magH>
		<magK errorminus="0.021" errorplus="0.021">5.595</magK>
		<metallicity>0.14</metallicity>
		<spectraltype>G5 D</spectraltype>
		<planet>
			<name>HD 4313 b</name>
			<list>Confirmed planets</list>
			<mass>2.3</mass>
			<period>356</period>
			<semimajoraxis>1.19</semimajoraxis>
			<eccentricity>0.041</eccentricity>
			<discoverymethod>RV</discoverymethod>
			<lastupdate>10/03/19</lastupdate>
			<discoveryyear>2010</discoveryyear>
			<temperature>450.4</temperature>
		</planet>
		<name>HD 4313</name>
		<temperature>5035.0</temperature>
	</star>
</system>
