<system>
	<name>HD 4113</name>
	<rightascension>00 43 13</rightascension>
	<declination>-37 58 57</declination>
	<distance>44</distance>
	<star>
		<mass>0.99</mass>
		<magV>7.88</magV>
		<magB errorminus="0.02" errorplus="0.02">8.61</magB>
		<magJ errorminus="0.023" errorplus="0.023">6.672</magJ>
		<magH errorminus="0.021" errorplus="0.021">6.345</magH>
		<magK errorminus="0.021" errorplus="0.021">6.289</magK>
		<metallicity>0.2</metallicity>
		<spectraltype>G5V</spectraltype>
		<planet>
			<name>HD 4113 b</name>
			<list>Confirmed planets</list>
			<mass>1.56</mass>
			<period>526.62</period>
			<semimajoraxis>1.28</semimajoraxis>
			<eccentricity>0.903</eccentricity>
			<discoverymethod>RV</discoverymethod>
			<lastupdate>10/12/17</lastupdate>
			<discoveryyear>2007</discoveryyear>
			<temperature>218.9</temperature>
		</planet>
		<name>HD 4113</name>
		<temperature>5688.0</temperature>
	</star>
</system>
