<system>
	<name>HD 4208</name>
	<rightascension>00 44 26</rightascension>
	<declination>-26 30 56</declination>
	<distance>33.9</distance>
	<star>
		<mass>0.87</mass>
		<radius>0.85</radius>
		<magV>7.79</magV>
		<magB>8.46</magB>
		<magJ errorminus="0.03" errorplus="0.03">6.57</magJ>
		<magH errorminus="0.04" errorplus="0.04">6.24</magH>
		<magK errorminus="0.021" errorplus="0.021">6.163</magK>
		<metallicity>-0.284</metallicity>
		<spectraltype>G5 V</spectraltype>
		<planet>
			<name>HD 4208 b</name>
			<list>Confirmed planets</list>
			<mass>0.8</mass>
			<period>829</period>
			<semimajoraxis>1.7</semimajoraxis>
			<eccentricity>0.04</eccentricity>
			<discoverymethod>RV</discoverymethod>
			<lastupdate>09/10/08</lastupdate>
			<discoveryyear>2001</discoveryyear>
			<temperature>173.7</temperature>
		</planet>
		<name>HD 4208</name>
		<temperature>5571.0</temperature>
	</star>
</system>
