<system>
	<name>HD 43197</name>
	<rightascension>06 13 36</rightascension>
	<declination>-29 53 50</declination>
	<distance>54.9</distance>
	<star>
		<mass>0.96</mass>
		<radius>1</radius>
		<magV>8.95</magV>
		<magB errorminus="0.02" errorplus="0.02">9.79</magB>
		<magJ errorminus="0.024" errorplus="0.024">7.658</magJ>
		<magH errorminus="0.038" errorplus="0.038">7.328</magH>
		<magK errorminus="0.026" errorplus="0.026">7.203</magK>
		<metallicity>0.4</metallicity>
		<spectraltype>G8V</spectraltype>
		<planet>
			<name>HD 43197 b</name>
			<list>Confirmed planets</list>
			<mass>0.6</mass>
			<period>327.8</period>
			<semimajoraxis>0.92</semimajoraxis>
			<eccentricity>0.83</eccentricity>
			<discoverymethod>RV</discoverymethod>
			<lastupdate>10/09/08</lastupdate>
			<discoveryyear>2009</discoveryyear>
			<temperature>239.6</temperature>
		</planet>
		<name>HD 43197</name>
		<temperature>5508.0</temperature>
	</star>
</system>
